,Date/Time,Opponent,Point Elapsed Seconds,Line,Our Score - End of Point,Their Score - End of Point,Event Type,Action,Passer,Receiver,Defender,Hang Time (secs),Player 0,Player 1,Player 2,Player 3,Player 4,Player 5,Player 6,Player 7,Player 8,Player 9,Player 10,Player 11,Player 12,Player 13,Player 14,Player 15,Player 16,Player 17,Player 18,Player 19,Player 20,Player 21,Player 22,Player 23,Player 24,Player 25,Player 26,Player 27,Elapsed Time (secs),Begin Area,Begin X,Begin Y,End Area,End X,End Y,Distance Unit of Measure,Absolute Distance,Lateral Distance,Toward Our Goal Distance,Teamname,Year,Lineup,GameID,QuarterID,PointID,PossessionID
0,2019-04-22 07:57,Minnesota Wind Chill,28,D,0,1,Defense,Pull,,,Rehder,6.815,Rehder,Swanson,Uber,Weaver,Barker,Zeman,Meinecke,,,,,,,,,,,,,,,,,,,,,,0,,,,,,,,,,,Chicago Wildfire,2019,"Barker, Meinecke, Rehder, Swanson, Uber, Weaver, Zeman",1,1,1,1.0
1,2019-04-22 07:57,Minnesota Wind Chill,28,D,0,1,Defense,Goal,,,Anonymous,,Rehder,Swanson,Uber,Weaver,Barker,Zeman,Meinecke,,,,,,,,,,,,,,,,,,,,,,26,,,,,,,,,,,Chicago Wildfire,2019,"Barker, Meinecke, Rehder, Swanson, Uber, Weaver, Zeman",1,1,1,1.0
2,2019-04-22 07:57,Minnesota Wind Chill,34,O,1,1,Offense,Catch,Tommy,Janas,,,Danny,Rehder,Weis,Rankin,Janas,Shanahan,Tommy,,,,,,,,,,,,,,,,,,,,,,270,,,,,,,,,,,Chicago Wildfire,2019,"Danny, Janas, Rankin, Rehder, Shanahan, Tommy, Weis",1,1,2,1.0
3,2019-04-22 07:57,Minnesota Wind Chill,34,O,1,1,Offense,Catch,Janas,Rankin,,,Danny,Rehder,Weis,Rankin,Janas,Shanahan,Tommy,,,,,,,,,,,,,,,,,,,,,,280,,,,,,,,,,,Chicago Wildfire,2019,"Danny, Janas, Rankin, Rehder, Shanahan, Tommy, Weis",1,1,2,1.0
4,2019-04-22 07:57,Minnesota Wind Chill,34,O,1,1,Offense,Catch,Rankin,Rehder,,,Danny,Rehder,Weis,Rankin,Janas,Shanahan,Tommy,,,,,,,,,,,,,,,,,,,,,,290,,,,,,,,,,,Chicago Wildfire,2019,"Danny, Janas, Rankin, Rehder, Shanahan, Tommy, Weis",1,1,2,1.0
5,2019-04-22 07:57,Minnesota Wind Chill,34,O,1,1,Offense,Catch,Rehder,Danny,,,Danny,Rehder,Weis,Rankin,Janas,Shanahan,Tommy,,,,,,,,,,,,,,,,,,,,,,297,,,,,,,,,,,Chicago Wildfire,2019,"Danny, Janas, Rankin, Rehder, Shanahan, Tommy, Weis",1,1,2,1.0
6,2019-04-22 07:57,Minnesota Wind Chill,34,O,1,1,Offense,Goal,Danny,Shanahan,,,Danny,Rehder,Weis,Rankin,Janas,Shanahan,Tommy,,,,,,,,,,,,,,,,,,,,,,302,,,,,,,,,,,Chicago Wildfire,2019,"Danny, Janas, Rankin, Rehder, Shanahan, Tommy, Weis",1,1,2,1.0
7,2019-04-22 07:57,Minnesota Wind Chill,207,D,2,1,Defense,Pull,,,Meinecke,4.835,Swanson,Weis,Uber,Weaver,Barker,Janas,Zeman,,,,,,,,,,,,,,,,,,,,,,368,,,,,,,,,,,Chicago Wildfire,2019,"Barker, Janas, Swanson, Uber, Weaver, Weis, Zeman",1,1,3,1.0
8,2019-04-22 07:57,Minnesota Wind Chill,207,D,2,1,Defense,D,,,Meinecke,,Swanson,Weis,Uber,Weaver,Barker,Janas,Zeman,,,,,,,,,,,,,,,,,,,,,,488,,,,,,,,,,,Chicago Wildfire,2019,"Barker, Janas, Swanson, Uber, Weaver, Weis, Zeman",1,1,3,1.0
9,2019-04-22 07:57,Minnesota Wind Chill,207,D,2,1,Offense,Catch,Janas,Weaver,,,Swanson,Weis,Uber,Weaver,Barker,Janas,Zeman,,,,,,,,,,,,,,,,,,,,,,526,,,,,,,,,,,Chicago Wildfire,2019,"Barker, Janas, Swanson, Uber, Weaver, Weis, Zeman",1,1,3,2.0
10,2019-04-22 07:57,Minnesota Wind Chill,207,D,2,1,Offense,Catch,Weaver,Weis,,,Swanson,Weis,Uber,Weaver,Barker,Janas,Zeman,,,,,,,,,,,,,,,,,,,,,,538,,,,,,,,,,,Chicago Wildfire,2019,"Barker, Janas, Swanson, Uber, Weaver, Weis, Zeman",1,1,3,2.0
11,2019-04-22 07:57,Minnesota Wind Chill,207,D,2,1,Offense,Catch,Weis,Zeman,,,Swanson,Weis,Uber,Weaver,Barker,Janas,Zeman,,,,,,,,,,,,,,,,,,,,,,543,,,,,,,,,,,Chicago Wildfire,2019,"Barker, Janas, Swanson, Uber, Weaver, Weis, Zeman",1,1,3,2.0
12,2019-04-22 07:57,Minnesota Wind Chill,207,D,2,1,Offense,Catch,Zeman,Barker,,,Swanson,Weis,Uber,Weaver,Barker,Janas,Zeman,,,,,,,,,,,,,,,,,,,,,,547,,,,,,,,,,,Chicago Wildfire,2019,"Barker, Janas, Swanson, Uber, Weaver, Weis, Zeman",1,1,3,2.0
13,2019-04-22 07:57,Minnesota Wind Chill,207,D,2,1,Offense,Catch,Barker,Janas,,,Swanson,Weis,Uber,Weaver,Barker,Janas,Zeman,,,,,,,,,,,,,,,,,,,,,,551,,,,,,,,,,,Chicago Wildfire,2019,"Barker, Janas, Swanson, Uber, Weaver, Weis, Zeman",1,1,3,2.0
14,2019-04-22 07:57,Minnesota Wind Chill,207,D,2,1,Offense,Catch,Janas,Barker,,,Swanson,Weis,Uber,Weaver,Barker,Janas,Zeman,,,,,,,,,,,,,,,,,,,,,,554,,,,,,,,,,,Chicago Wildfire,2019,"Barker, Janas, Swanson, Uber, Weaver, Weis, Zeman",1,1,3,2.0
15,2019-04-22 07:57,Minnesota Wind Chill,207,D,2,1,Offense,Goal,Barker,Janas,,,Swanson,Weis,Uber,Weaver,Barker,Janas,Zeman,,,,,,,,,,,,,,,,,,,,,,573,,,,,,,,,,,Chicago Wildfire,2019,"Barker, Janas, Swanson, Uber, Weaver, Weis, Zeman",1,1,3,2.0
16,2019-04-22 07:57,Minnesota Wind Chill,8,D,2,2,Defense,Pull,,,Sykora,6.94,Burril,Johnson,Sykora,Woods,Kingma,Shanahan,Cal,,,,,,,,,,,,,,,,,,,,,,659,,,,,,,,,,,Chicago Wildfire,2019,"Burril, Cal, Johnson, Kingma, Shanahan, Sykora, Woods",1,1,4,1.0
17,2019-04-22 07:57,Minnesota Wind Chill,8,D,2,2,Defense,Goal,,,Anonymous,,Burril,Johnson,Sykora,Woods,Kingma,Shanahan,Cal,,,,,,,,,,,,,,,,,,,,,,665,,,,,,,,,,,Chicago Wildfire,2019,"Burril, Cal, Johnson, Kingma, Shanahan, Sykora, Woods",1,1,4,1.0
18,2019-04-22 07:57,Minnesota Wind Chill,52,O,3,2,Offense,Catch,Tommy,Janas,,,Danny,Rehder,Weis,Rankin,Janas,Shanahan,Tommy,,,,,,,,,,,,,,,,,,,,,,699,,,,,,,,,,,Chicago Wildfire,2019,"Danny, Janas, Rankin, Rehder, Shanahan, Tommy, Weis",1,1,5,1.0
19,2019-04-22 07:57,Minnesota Wind Chill,52,O,3,2,Offense,Catch,Janas,Tommy,,,Danny,Rehder,Weis,Rankin,Janas,Shanahan,Tommy,,,,,,,,,,,,,,,,,,,,,,708,,,,,,,,,,,Chicago Wildfire,2019,"Danny, Janas, Rankin, Rehder, Shanahan, Tommy, Weis",1,1,5,1.0
20,2019-04-22 07:57,Minnesota Wind Chill,52,O,3,2,Offense,Catch,Tommy,Janas,,,Danny,Rehder,Weis,Rankin,Janas,Shanahan,Tommy,,,,,,,,,,,,,,,,,,,,,,712,,,,,,,,,,,Chicago Wildfire,2019,"Danny, Janas, Rankin, Rehder, Shanahan, Tommy, Weis",1,1,5,1.0
21,2019-04-22 07:57,Minnesota Wind Chill,52,O,3,2,Offense,Catch,Janas,Tommy,,,Danny,Rehder,Weis,Rankin,Janas,Shanahan,Tommy,,,,,,,,,,,,,,,,,,,,,,716,,,,,,,,,,,Chicago Wildfire,2019,"Danny, Janas, Rankin, Rehder, Shanahan, Tommy, Weis",1,1,5,1.0
22,2019-04-22 07:57,Minnesota Wind Chill,52,O,3,2,Offense,Catch,Tommy,Janas,,,Danny,Rehder,Weis,Rankin,Janas,Shanahan,Tommy,,,,,,,,,,,,,,,,,,,,,,720,,,,,,,,,,,Chicago Wildfire,2019,"Danny, Janas, Rankin, Rehder, Shanahan, Tommy, Weis",1,1,5,1.0
23,2019-04-22 07:57,Minnesota Wind Chill,52,O,3,2,Offense,Catch,Janas,Rankin,,,Danny,Rehder,Weis,Rankin,Janas,Shanahan,Tommy,,,,,,,,,,,,,,,,,,,,,,724,,,,,,,,,,,Chicago Wildfire,2019,"Danny, Janas, Rankin, Rehder, Shanahan, Tommy, Weis",1,1,5,1.0
24,2019-04-22 07:57,Minnesota Wind Chill,52,O,3,2,Offense,Catch,Rankin,Janas,,,Danny,Rehder,Weis,Rankin,Janas,Shanahan,Tommy,,,,,,,,,,,,,,,,,,,,,,728,,,,,,,,,,,Chicago Wildfire,2019,"Danny, Janas, Rankin, Rehder, Shanahan, Tommy, Weis",1,1,5,1.0
25,2019-04-22 07:57,Minnesota Wind Chill,52,O,3,2,Offense,Catch,Janas,Tommy,,,Danny,Rehder,Weis,Rankin,Janas,Shanahan,Tommy,,,,,,,,,,,,,,,,,,,,,,732,,,,,,,,,,,Chicago Wildfire,2019,"Danny, Janas, Rankin, Rehder, Shanahan, Tommy, Weis",1,1,5,1.0
26,2019-04-22 07:57,Minnesota Wind Chill,52,O,3,2,Offense,Catch,Tommy,Shanahan,,,Danny,Rehder,Weis,Rankin,Janas,Shanahan,Tommy,,,,,,,,,,,,,,,,,,,,,,736,,,,,,,,,,,Chicago Wildfire,2019,"Danny, Janas, Rankin, Rehder, Shanahan, Tommy, Weis",1,1,5,1.0
27,2019-04-22 07:57,Minnesota Wind Chill,52,O,3,2,Offense,Catch,Shanahan,Rehder,,,Danny,Rehder,Weis,Rankin,Janas,Shanahan,Tommy,,,,,,,,,,,,,,,,,,,,,,740,,,,,,,,,,,Chicago Wildfire,2019,"Danny, Janas, Rankin, Rehder, Shanahan, Tommy, Weis",1,1,5,1.0
28,2019-04-22 07:57,Minnesota Wind Chill,52,O,3,2,Offense,Catch,Rehder,Shanahan,,,Danny,Rehder,Weis,Rankin,Janas,Shanahan,Tommy,,,,,,,,,,,,,,,,,,,,,,744,,,,,,,,,,,Chicago Wildfire,2019,"Danny, Janas, Rankin, Rehder, Shanahan, Tommy, Weis",1,1,5,1.0
29,2019-04-22 07:57,Minnesota Wind Chill,52,O,3,2,Offense,Goal,Shanahan,Rankin,,,Danny,Rehder,Weis,Rankin,Janas,Shanahan,Tommy,,,,,,,,,,,,,,,,,,,,,,749,,,,,,,,,,,Chicago Wildfire,2019,"Danny, Janas, Rankin, Rehder, Shanahan, Tommy, Weis",1,1,5,1.0
30,2019-04-22 07:57,Minnesota Wind Chill,43,D,4,2,Defense,Pull,,,Rehder,6.223,Rehder,Swanson,Uber,Weaver,Barker,Zeman,Meinecke,,,,,,,,,,,,,,,,,,,,,,805,,,,,,,,,,,Chicago Wildfire,2019,"Barker, Meinecke, Rehder, Swanson, Uber, Weaver, Zeman",1,1,6,1.0
31,2019-04-22 07:57,Minnesota Wind Chill,43,D,4,2,Defense,Throwaway,,,Anonymous,,Rehder,Swanson,Uber,Weaver,Barker,Zeman,Meinecke,,,,,,,,,,,,,,,,,,,,,,816,,,,,,,,,,,Chicago Wildfire,2019,"Barker, Meinecke, Rehder, Swanson, Uber, Weaver, Zeman",1,1,6,1.0
32,2019-04-22 07:57,Minnesota Wind Chill,43,D,4,2,Offense,Catch,Barker,Weaver,,,Rehder,Swanson,Uber,Weaver,Barker,Zeman,Meinecke,,,,,,,,,,,,,,,,,,,,,,825,,,,,,,,,,,Chicago Wildfire,2019,"Barker, Meinecke, Rehder, Swanson, Uber, Weaver, Zeman",1,1,6,2.0
33,2019-04-22 07:57,Minnesota Wind Chill,43,D,4,2,Offense,Catch,Weaver,Barker,,,Rehder,Swanson,Uber,Weaver,Barker,Zeman,Meinecke,,,,,,,,,,,,,,,,,,,,,,829,,,,,,,,,,,Chicago Wildfire,2019,"Barker, Meinecke, Rehder, Swanson, Uber, Weaver, Zeman",1,1,6,2.0
34,2019-04-22 07:57,Minnesota Wind Chill,43,D,4,2,Offense,Catch,Barker,Weaver,,,Rehder,Swanson,Uber,Weaver,Barker,Zeman,Meinecke,,,,,,,,,,,,,,,,,,,,,,832,,,,,,,,,,,Chicago Wildfire,2019,"Barker, Meinecke, Rehder, Swanson, Uber, Weaver, Zeman",1,1,6,2.0
35,2019-04-22 07:57,Minnesota Wind Chill,43,D,4,2,Offense,Catch,Weaver,Barker,,,Rehder,Swanson,Uber,Weaver,Barker,Zeman,Meinecke,,,,,,,,,,,,,,,,,,,,,,837,,,,,,,,,,,Chicago Wildfire,2019,"Barker, Meinecke, Rehder, Swanson, Uber, Weaver, Zeman",1,1,6,2.0
36,2019-04-22 07:57,Minnesota Wind Chill,43,D,4,2,Offense,Catch,Barker,Meinecke,,,Rehder,Swanson,Uber,Weaver,Barker,Zeman,Meinecke,,,,,,,,,,,,,,,,,,,,,,840,,,,,,,,,,,Chicago Wildfire,2019,"Barker, Meinecke, Rehder, Swanson, Uber, Weaver, Zeman",1,1,6,2.0
37,2019-04-22 07:57,Minnesota Wind Chill,43,D,4,2,Offense,Goal,Meinecke,Zeman,,,Rehder,Swanson,Uber,Weaver,Barker,Zeman,Meinecke,,,,,,,,,,,,,,,,,,,,,,846,,,,,,,,,,,Chicago Wildfire,2019,"Barker, Meinecke, Rehder, Swanson, Uber, Weaver, Zeman",1,1,6,2.0
38,2019-04-22 07:57,Minnesota Wind Chill,10,D,4,3,Defense,Pull,,,Sykora,4.188,Burril,Weis,Johnson,Sykora,Woods,Kingma,Cal,,,,,,,,,,,,,,,,,,,,,,894,,,,,,,,,,,Chicago Wildfire,2019,"Burril, Cal, Johnson, Kingma, Sykora, Weis, Woods",1,1,7,1.0
39,2019-04-22 07:57,Minnesota Wind Chill,10,D,4,3,Defense,Goal,,,Anonymous,,Burril,Weis,Johnson,Sykora,Woods,Kingma,Cal,,,,,,,,,,,,,,,,,,,,,,902,,,,,,,,,,,Chicago Wildfire,2019,"Burril, Cal, Johnson, Kingma, Sykora, Weis, Woods",1,1,7,1.0
40,2019-04-22 07:57,Minnesota Wind Chill,27,O,5,3,Offense,Catch,Janas,Tommy,,,Danny,Rehder,Weis,Rankin,Janas,Shanahan,Tommy,,,,,,,,,,,,,,,,,,,,,,959,,,,,,,,,,,Chicago Wildfire,2019,"Danny, Janas, Rankin, Rehder, Shanahan, Tommy, Weis",1,1,8,1.0
41,2019-04-22 07:57,Minnesota Wind Chill,27,O,5,3,Offense,Catch,Tommy,Janas,,,Danny,Rehder,Weis,Rankin,Janas,Shanahan,Tommy,,,,,,,,,,,,,,,,,,,,,,971,,,,,,,,,,,Chicago Wildfire,2019,"Danny, Janas, Rankin, Rehder, Shanahan, Tommy, Weis",1,1,8,1.0
42,2019-04-22 07:57,Minnesota Wind Chill,27,O,5,3,Offense,Catch,Janas,Weis,,,Danny,Rehder,Weis,Rankin,Janas,Shanahan,Tommy,,,,,,,,,,,,,,,,,,,,,,975,,,,,,,,,,,Chicago Wildfire,2019,"Danny, Janas, Rankin, Rehder, Shanahan, Tommy, Weis",1,1,8,1.0
43,2019-04-22 07:57,Minnesota Wind Chill,27,O,5,3,Offense,Goal,Weis,Rankin,,,Danny,Rehder,Weis,Rankin,Janas,Shanahan,Tommy,,,,,,,,,,,,,,,,,,,,,,984,,,,,,,,,,,Chicago Wildfire,2019,"Danny, Janas, Rankin, Rehder, Shanahan, Tommy, Weis",1,1,8,1.0
44,2019-04-22 07:57,Minnesota Wind Chill,11,D,5,4,Defense,Pull,,,Meinecke,6.39,Swanson,Uber,Weaver,Barker,Zeman,Shanahan,Meinecke,,,,,,,,,,,,,,,,,,,,,,1040,,,,,,,,,,,Chicago Wildfire,2019,"Barker, Meinecke, Shanahan, Swanson, Uber, Weaver, Zeman",1,1,9,1.0
45,2019-04-22 07:57,Minnesota Wind Chill,11,D,5,4,Defense,Goal,,,Anonymous,,Swanson,Uber,Weaver,Barker,Zeman,Shanahan,Meinecke,,,,,,,,,,,,,,,,,,,,,,1049,,,,,,,,,,,Chicago Wildfire,2019,"Barker, Meinecke, Shanahan, Swanson, Uber, Weaver, Zeman",1,1,9,1.0
46,2019-04-22 07:57,Minnesota Wind Chill,121,O,5,5,Offense,Catch,Tommy,Janas,,,Rehder,Weis,Weaver,Rankin,Barker,Janas,Zeman,,,,,,,,,,,,,,,,,,,,,,1072,,,,,,,,,,,Chicago Wildfire,2019,"Barker, Janas, Rankin, Rehder, Weaver, Weis, Zeman",1,1,10,1.0
47,2019-04-22 07:57,Minnesota Wind Chill,121,O,5,5,Offense,Catch,Janas,Danny,,,Rehder,Weis,Weaver,Rankin,Barker,Janas,Zeman,,,,,,,,,,,,,,,,,,,,,,1083,,,,,,,,,,,Chicago Wildfire,2019,"Barker, Janas, Rankin, Rehder, Weaver, Weis, Zeman",1,1,10,1.0
48,2019-04-22 07:57,Minnesota Wind Chill,121,O,5,5,Offense,Catch,Danny,Janas,,,Rehder,Weis,Weaver,Rankin,Barker,Janas,Zeman,,,,,,,,,,,,,,,,,,,,,,1086,,,,,,,,,,,Chicago Wildfire,2019,"Barker, Janas, Rankin, Rehder, Weaver, Weis, Zeman",1,1,10,1.0
49,2019-04-22 07:57,Minnesota Wind Chill,121,O,5,5,Offense,Catch,Janas,Rankin,,,Rehder,Weis,Weaver,Rankin,Barker,Janas,Zeman,,,,,,,,,,,,,,,,,,,,,,1094,,,,,,,,,,,Chicago Wildfire,2019,"Barker, Janas, Rankin, Rehder, Weaver, Weis, Zeman",1,1,10,1.0
50,2019-04-22 07:57,Minnesota Wind Chill,121,O,5,5,Offense,Catch,Rankin,Janas,,,Rehder,Weis,Weaver,Rankin,Barker,Janas,Zeman,,,,,,,,,,,,,,,,,,,,,,1099,,,,,,,,,,,Chicago Wildfire,2019,"Barker, Janas, Rankin, Rehder, Weaver, Weis, Zeman",1,1,10,1.0
51,2019-04-22 07:57,Minnesota Wind Chill,121,O,5,5,Offense,Catch,Janas,Rehder,,,Rehder,Weis,Weaver,Rankin,Barker,Janas,Zeman,,,,,,,,,,,,,,,,,,,,,,1102,,,,,,,,,,,Chicago Wildfire,2019,"Barker, Janas, Rankin, Rehder, Weaver, Weis, Zeman",1,1,10,1.0
52,2019-04-22 07:57,Minnesota Wind Chill,121,O,5,5,Offense,Catch,Rehder,Rankin,,,Rehder,Weis,Weaver,Rankin,Barker,Janas,Zeman,,,,,,,,,,,,,,,,,,,,,,1108,,,,,,,,,,,Chicago Wildfire,2019,"Barker, Janas, Rankin, Rehder, Weaver, Weis, Zeman",1,1,10,1.0
53,2019-04-22 07:57,Minnesota Wind Chill,121,O,5,5,Offense,Catch,Rankin,Shanahan,,,Rehder,Weis,Weaver,Rankin,Barker,Janas,Zeman,,,,,,,,,,,,,,,,,,,,,,1112,,,,,,,,,,,Chicago Wildfire,2019,"Barker, Janas, Rankin, Rehder, Weaver, Weis, Zeman",1,1,10,1.0
54,2019-04-22 07:57,Minnesota Wind Chill,121,O,5,5,Offense,Throwaway,Shanahan,Anonymous,,,Rehder,Weis,Weaver,Rankin,Barker,Janas,Zeman,,,,,,,,,,,,,,,,,,,,,,1118,,,,,,,,,,,Chicago Wildfire,2019,"Barker, Janas, Rankin, Rehder, Weaver, Weis, Zeman",1,1,10,1.0
55,2019-04-22 07:57,Minnesota Wind Chill,121,O,5,5,Defense,Goal,,,Anonymous,,Rehder,Weis,Weaver,Rankin,Barker,Janas,Zeman,,,,,,,,,,,,,,,,,,,,,,1191,,,,,,,,,,,Chicago Wildfire,2019,"Barker, Janas, Rankin, Rehder, Weaver, Weis, Zeman",1,1,10,2.0
56,2019-04-22 07:57,Minnesota Wind Chill,99,O,5,6,Offense,Catch,Tommy,Janas,,,Rehder,Weis,Rankin,Barker,Janas,Tommy,Meinecke,,,,,,,,,,,,,,,,,,,,,,1257,,,,,,,,,,,Chicago Wildfire,2019,"Barker, Janas, Meinecke, Rankin, Rehder, Tommy, Weis",1,1,11,1.0
57,2019-04-22 07:57,Minnesota Wind Chill,99,O,5,6,Offense,Catch,Janas,Tommy,,,Rehder,Weis,Rankin,Barker,Janas,Tommy,Meinecke,,,,,,,,,,,,,,,,,,,,,,1266,,,,,,,,,,,Chicago Wildfire,2019,"Barker, Janas, Meinecke, Rankin, Rehder, Tommy, Weis",1,1,11,1.0
58,2019-04-22 07:57,Minnesota Wind Chill,99,O,5,6,Offense,Catch,Tommy,Janas,,,Rehder,Weis,Rankin,Barker,Janas,Tommy,Meinecke,,,,,,,,,,,,,,,,,,,,,,1270,,,,,,,,,,,Chicago Wildfire,2019,"Barker, Janas, Meinecke, Rankin, Rehder, Tommy, Weis",1,1,11,1.0
59,2019-04-22 07:57,Minnesota Wind Chill,99,O,5,6,Offense,Catch,Janas,Barker,,,Rehder,Weis,Rankin,Barker,Janas,Tommy,Meinecke,,,,,,,,,,,,,,,,,,,,,,1274,,,,,,,,,,,Chicago Wildfire,2019,"Barker, Janas, Meinecke, Rankin, Rehder, Tommy, Weis",1,1,11,1.0
60,2019-04-22 07:57,Minnesota Wind Chill,99,O,5,6,Offense,Catch,Barker,Meinecke,,,Rehder,Weis,Rankin,Barker,Janas,Tommy,Meinecke,,,,,,,,,,,,,,,,,,,,,,1278,,,,,,,,,,,Chicago Wildfire,2019,"Barker, Janas, Meinecke, Rankin, Rehder, Tommy, Weis",1,1,11,1.0
61,2019-04-22 07:57,Minnesota Wind Chill,99,O,5,6,Offense,Catch,Meinecke,Janas,,,Rehder,Weis,Rankin,Barker,Janas,Tommy,Meinecke,,,,,,,,,,,,,,,,,,,,,,1282,,,,,,,,,,,Chicago Wildfire,2019,"Barker, Janas, Meinecke, Rankin, Rehder, Tommy, Weis",1,1,11,1.0
62,2019-04-22 07:57,Minnesota Wind Chill,99,O,5,6,Offense,Catch,Janas,Weis,,,Rehder,Weis,Rankin,Barker,Janas,Tommy,Meinecke,,,,,,,,,,,,,,,,,,,,,,1286,,,,,,,,,,,Chicago Wildfire,2019,"Barker, Janas, Meinecke, Rankin, Rehder, Tommy, Weis",1,1,11,1.0
63,2019-04-22 07:57,Minnesota Wind Chill,99,O,5,6,Offense,Throwaway,Weis,Anonymous,,,Rehder,Weis,Rankin,Barker,Janas,Tommy,Meinecke,,,,,,,,,,,,,,,,,,,,,,1297,,,,,,,,,,,Chicago Wildfire,2019,"Barker, Janas, Meinecke, Rankin, Rehder, Tommy, Weis",1,1,11,1.0
64,2019-04-22 07:57,Minnesota Wind Chill,99,O,5,6,Defense,Throwaway,,,Anonymous,,Rehder,Weis,Rankin,Barker,Janas,Tommy,Meinecke,,,,,,,,,,,,,,,,,,,,,,1310,,,,,,,,,,,Chicago Wildfire,2019,"Barker, Janas, Meinecke, Rankin, Rehder, Tommy, Weis",1,1,11,2.0
65,2019-04-22 07:57,Minnesota Wind Chill,99,O,5,6,Offense,Catch,Tommy,Janas,,,Rehder,Weis,Rankin,Barker,Janas,Tommy,Meinecke,,,,,,,,,,,,,,,,,,,,,,1315,,,,,,,,,,,Chicago Wildfire,2019,"Barker, Janas, Meinecke, Rankin, Rehder, Tommy, Weis",1,1,11,3.0
66,2019-04-22 07:57,Minnesota Wind Chill,99,O,5,6,Offense,Catch,Janas,Tommy,,,Rehder,Weis,Rankin,Barker,Janas,Tommy,Meinecke,,,,,,,,,,,,,,,,,,,,,,1320,,,,,,,,,,,Chicago Wildfire,2019,"Barker, Janas, Meinecke, Rankin, Rehder, Tommy, Weis",1,1,11,3.0
67,2019-04-22 07:57,Minnesota Wind Chill,99,O,5,6,Offense,Catch,Tommy,Meinecke,,,Rehder,Weis,Rankin,Barker,Janas,Tommy,Meinecke,,,,,,,,,,,,,,,,,,,,,,1324,,,,,,,,,,,Chicago Wildfire,2019,"Barker, Janas, Meinecke, Rankin, Rehder, Tommy, Weis",1,1,11,3.0
68,2019-04-22 07:57,Minnesota Wind Chill,99,O,5,6,Offense,Catch,Meinecke,Janas,,,Rehder,Weis,Rankin,Barker,Janas,Tommy,Meinecke,,,,,,,,,,,,,,,,,,,,,,1329,,,,,,,,,,,Chicago Wildfire,2019,"Barker, Janas, Meinecke, Rankin, Rehder, Tommy, Weis",1,1,11,3.0
69,2019-04-22 07:57,Minnesota Wind Chill,99,O,5,6,Offense,Catch,Janas,Meinecke,,,Rehder,Weis,Rankin,Barker,Janas,Tommy,Meinecke,,,,,,,,,,,,,,,,,,,,,,1333,,,,,,,,,,,Chicago Wildfire,2019,"Barker, Janas, Meinecke, Rankin, Rehder, Tommy, Weis",1,1,11,3.0
70,2019-04-22 07:57,Minnesota Wind Chill,99,O,5,6,Offense,Throwaway,Meinecke,Anonymous,,,Rehder,Weis,Rankin,Barker,Janas,Tommy,Meinecke,,,,,,,,,,,,,,,,,,,,,,1339,,,,,,,,,,,Chicago Wildfire,2019,"Barker, Janas, Meinecke, Rankin, Rehder, Tommy, Weis",1,1,11,3.0
71,2019-04-22 07:57,Minnesota Wind Chill,99,O,5,6,Defense,Goal,,,Anonymous,,Rehder,Weis,Rankin,Barker,Janas,Tommy,Meinecke,,,,,,,,,,,,,,,,,,,,,,1354,,,,,,,,,,,Chicago Wildfire,2019,"Barker, Janas, Meinecke, Rankin, Rehder, Tommy, Weis",1,1,11,4.0
72,2019-04-22 07:57,Minnesota Wind Chill,44,O,6,6,Offense,Catch,Janas,Danny,,,Danny,Rehder,Weis,Rankin,Janas,Shanahan,Tommy,,,,,,,,,,,,,,,,,,,,,,1402,,,,,,,,,,,Chicago Wildfire,2019,"Danny, Janas, Rankin, Rehder, Shanahan, Tommy, Weis",1,1,12,1.0
73,2019-04-22 07:57,Minnesota Wind Chill,44,O,6,6,Offense,Catch,Danny,Rehder,,,Danny,Rehder,Weis,Rankin,Janas,Shanahan,Tommy,,,,,,,,,,,,,,,,,,,,,,1410,,,,,,,,,,,Chicago Wildfire,2019,"Danny, Janas, Rankin, Rehder, Shanahan, Tommy, Weis",1,1,12,1.0
74,2019-04-22 07:57,Minnesota Wind Chill,44,O,6,6,Offense,Catch,Rehder,Weis,,,Danny,Rehder,Weis,Rankin,Janas,Shanahan,Tommy,,,,,,,,,,,,,,,,,,,,,,1413,,,,,,,,,,,Chicago Wildfire,2019,"Danny, Janas, Rankin, Rehder, Shanahan, Tommy, Weis",1,1,12,1.0
75,2019-04-22 07:57,Minnesota Wind Chill,44,O,6,6,Offense,Catch,Weis,Janas,,,Danny,Rehder,Weis,Rankin,Janas,Shanahan,Tommy,,,,,,,,,,,,,,,,,,,,,,1418,,,,,,,,,,,Chicago Wildfire,2019,"Danny, Janas, Rankin, Rehder, Shanahan, Tommy, Weis",1,1,12,1.0
76,2019-04-22 07:57,Minnesota Wind Chill,44,O,6,6,Offense,Catch,Janas,Tommy,,,Danny,Rehder,Weis,Rankin,Janas,Shanahan,Tommy,,,,,,,,,,,,,,,,,,,,,,1429,,,,,,,,,,,Chicago Wildfire,2019,"Danny, Janas, Rankin, Rehder, Shanahan, Tommy, Weis",1,1,12,1.0
77,2019-04-22 07:57,Minnesota Wind Chill,44,O,6,6,Offense,Catch,Tommy,Shanahan,,,Danny,Rehder,Weis,Rankin,Janas,Shanahan,Tommy,,,,,,,,,,,,,,,,,,,,,,1433,,,,,,,,,,,Chicago Wildfire,2019,"Danny, Janas, Rankin, Rehder, Shanahan, Tommy, Weis",1,1,12,1.0
78,2019-04-22 07:57,Minnesota Wind Chill,44,O,6,6,Offense,Catch,Shanahan,Tommy,,,Danny,Rehder,Weis,Rankin,Janas,Shanahan,Tommy,,,,,,,,,,,,,,,,,,,,,,1437,,,,,,,,,,,Chicago Wildfire,2019,"Danny, Janas, Rankin, Rehder, Shanahan, Tommy, Weis",1,1,12,1.0
79,2019-04-22 07:57,Minnesota Wind Chill,44,O,6,6,Offense,Catch,Tommy,Janas,,,Danny,Rehder,Weis,Rankin,Janas,Shanahan,Tommy,,,,,,,,,,,,,,,,,,,,,,1440,,,,,,,,,,,Chicago Wildfire,2019,"Danny, Janas, Rankin, Rehder, Shanahan, Tommy, Weis",1,1,12,1.0
80,2019-04-22 07:57,Minnesota Wind Chill,44,O,6,6,Offense,Goal,Janas,Danny,,,Danny,Rehder,Weis,Rankin,Janas,Shanahan,Tommy,,,,,,,,,,,,,,,,,,,,,,1444,,,,,,,,,,,Chicago Wildfire,2019,"Danny, Janas, Rankin, Rehder, Shanahan, Tommy, Weis",1,1,12,1.0
81,2019-04-22 07:57,Minnesota Wind Chill,50,D,6,7,Defense,Pull,,,Rehder,6.358,Rehder,Swanson,Uber,Weaver,Barker,Zeman,Meinecke,,,,,,,,,,,,,,,,,,,,,,1495,,,,,,,,,,,Chicago Wildfire,2019,"Barker, Meinecke, Rehder, Swanson, Uber, Weaver, Zeman",1,1,13,1.0
82,2019-04-22 07:57,Minnesota Wind Chill,50,D,6,7,Defense,Throwaway,,,Anonymous,,Rehder,Swanson,Uber,Weaver,Barker,Zeman,Meinecke,,,,,,,,,,,,,,,,,,,,,,1508,,,,,,,,,,,Chicago Wildfire,2019,"Barker, Meinecke, Rehder, Swanson, Uber, Weaver, Zeman",1,1,13,1.0
83,2019-04-22 07:57,Minnesota Wind Chill,50,D,6,7,Offense,Catch,Weaver,Meinecke,,,Rehder,Swanson,Uber,Weaver,Barker,Zeman,Meinecke,,,,,,,,,,,,,,,,,,,,,,1522,,,,,,,,,,,Chicago Wildfire,2019,"Barker, Meinecke, Rehder, Swanson, Uber, Weaver, Zeman",1,1,13,2.0
84,2019-04-22 07:57,Minnesota Wind Chill,50,D,6,7,Offense,Throwaway,Meinecke,Anonymous,,,Rehder,Swanson,Uber,Weaver,Barker,Zeman,Meinecke,,,,,,,,,,,,,,,,,,,,,,1528,,,,,,,,,,,Chicago Wildfire,2019,"Barker, Meinecke, Rehder, Swanson, Uber, Weaver, Zeman",1,1,13,2.0
85,2019-04-22 07:57,Minnesota Wind Chill,50,D,6,7,Defense,Goal,,,Anonymous,,Rehder,Swanson,Uber,Weaver,Barker,Zeman,Meinecke,,,,,,,,,,,,,,,,,,,,,,1543,,,,,,,,,,,Chicago Wildfire,2019,"Barker, Meinecke, Rehder, Swanson, Uber, Weaver, Zeman",1,1,13,3.0
86,2019-04-22 07:57,Minnesota Wind Chill,29,O,7,7,Offense,Catch,Tommy,Janas,,,Danny,Rehder,Weis,Rankin,Janas,Shanahan,Tommy,,,,,,,,,,,,,,,,,,,,,,1557,,,,,,,,,,,Chicago Wildfire,2019,"Danny, Janas, Rankin, Rehder, Shanahan, Tommy, Weis",1,1,14,1.0
87,2019-04-22 07:57,Minnesota Wind Chill,29,O,7,7,Offense,Catch,Janas,Tommy,,,Danny,Rehder,Weis,Rankin,Janas,Shanahan,Tommy,,,,,,,,,,,,,,,,,,,,,,1566,,,,,,,,,,,Chicago Wildfire,2019,"Danny, Janas, Rankin, Rehder, Shanahan, Tommy, Weis",1,1,14,1.0
88,2019-04-22 07:57,Minnesota Wind Chill,29,O,7,7,Offense,Catch,Tommy,Janas,,,Danny,Rehder,Weis,Rankin,Janas,Shanahan,Tommy,,,,,,,,,,,,,,,,,,,,,,1570,,,,,,,,,,,Chicago Wildfire,2019,"Danny, Janas, Rankin, Rehder, Shanahan, Tommy, Weis",1,1,14,1.0
89,2019-04-22 07:57,Minnesota Wind Chill,29,O,7,7,Offense,Catch,Janas,Tommy,,,Danny,Rehder,Weis,Rankin,Janas,Shanahan,Tommy,,,,,,,,,,,,,,,,,,,,,,1574,,,,,,,,,,,Chicago Wildfire,2019,"Danny, Janas, Rankin, Rehder, Shanahan, Tommy, Weis",1,1,14,1.0
90,2019-04-22 07:57,Minnesota Wind Chill,29,O,7,7,Offense,Catch,Tommy,Janas,,,Danny,Rehder,Weis,Rankin,Janas,Shanahan,Tommy,,,,,,,,,,,,,,,,,,,,,,1578,,,,,,,,,,,Chicago Wildfire,2019,"Danny, Janas, Rankin, Rehder, Shanahan, Tommy, Weis",1,1,14,1.0
91,2019-04-22 07:57,Minnesota Wind Chill,29,O,7,7,Offense,Goal,Janas,Weis,,,Danny,Rehder,Weis,Rankin,Janas,Shanahan,Tommy,,,,,,,,,,,,,,,,,,,,,,1584,,,,,,,,,,,Chicago Wildfire,2019,"Danny, Janas, Rankin, Rehder, Shanahan, Tommy, Weis",1,1,14,1.0
92,2019-04-22 07:57,Minnesota Wind Chill,12,D,7,7,Defense,Pull,,,Janas,5.088,Rehder,Swanson,Weaver,Rankin,Barker,Janas,Zeman,,,,,,,,,,,,,,,,,,,,,,1657,,,,,,,,,,,Chicago Wildfire,2019,"Barker, Janas, Rankin, Rehder, Swanson, Weaver, Zeman",1,1,15,1.0
93,2019-04-22 07:57,Minnesota Wind Chill,12,D,7,7,Defense,D,,,Barker,,Rehder,Swanson,Weaver,Rankin,Barker,Janas,Zeman,,,,,,,,,,,,,,,,,,,,,,1663,,,,,,,,,,,Chicago Wildfire,2019,"Barker, Janas, Rankin, Rehder, Swanson, Weaver, Zeman",1,1,15,1.0
94,2019-04-22 07:57,Minnesota Wind Chill,12,D,7,7,Cessation,EndOfFirstQuarter,,,,,Rehder,Swanson,Weaver,Rankin,Barker,Janas,Zeman,,,,,,,,,,,,,,,,,,,,,,1667,,,,,,,,,,,Chicago Wildfire,2019,"Barker, Janas, Rankin, Rehder, Swanson, Weaver, Zeman",1,1,15,2.0
95,2019-04-22 07:57,Minnesota Wind Chill,102,O,8,7,Offense,Catch,Janas,Tommy,,,Danny,Rehder,Weis,Rankin,Janas,Shanahan,Tommy,,,,,,,,,,,,,,,,,,,,,,1799,,,,,,,,,,,Chicago Wildfire,2019,"Danny, Janas, Rankin, Rehder, Shanahan, Tommy, Weis",1,2,16,1.0
96,2019-04-22 07:57,Minnesota Wind Chill,102,O,8,7,Offense,Catch,Tommy,Janas,,,Danny,Rehder,Weis,Rankin,Janas,Shanahan,Tommy,,,,,,,,,,,,,,,,,,,,,,1813,,,,,,,,,,,Chicago Wildfire,2019,"Danny, Janas, Rankin, Rehder, Shanahan, Tommy, Weis",1,2,16,1.0
97,2019-04-22 07:57,Minnesota Wind Chill,102,O,8,7,Offense,Catch,Janas,Danny,,,Danny,Rehder,Weis,Rankin,Janas,Shanahan,Tommy,,,,,,,,,,,,,,,,,,,,,,1817,,,,,,,,,,,Chicago Wildfire,2019,"Danny, Janas, Rankin, Rehder, Shanahan, Tommy, Weis",1,2,16,1.0
98,2019-04-22 07:57,Minnesota Wind Chill,102,O,8,7,Offense,Catch,Danny,Tommy,,,Danny,Rehder,Weis,Rankin,Janas,Shanahan,Tommy,,,,,,,,,,,,,,,,,,,,,,1820,,,,,,,,,,,Chicago Wildfire,2019,"Danny, Janas, Rankin, Rehder, Shanahan, Tommy, Weis",1,2,16,1.0
99,2019-04-22 07:57,Minnesota Wind Chill,102,O,8,7,Offense,Catch,Tommy,Janas,,,Danny,Rehder,Weis,Rankin,Janas,Shanahan,Tommy,,,,,,,,,,,,,,,,,,,,,,1824,,,,,,,,,,,Chicago Wildfire,2019,"Danny, Janas, Rankin, Rehder, Shanahan, Tommy, Weis",1,2,16,1.0
100,2019-04-22 07:57,Minnesota Wind Chill,102,O,8,7,Offense,Catch,Janas,Tommy,,,Danny,Rehder,Weis,Rankin,Janas,Shanahan,Tommy,,,,,,,,,,,,,,,,,,,,,,1828,,,,,,,,,,,Chicago Wildfire,2019,"Danny, Janas, Rankin, Rehder, Shanahan, Tommy, Weis",1,2,16,1.0
101,2019-04-22 07:57,Minnesota Wind Chill,102,O,8,7,Offense,Catch,Tommy,Danny,,,Danny,Rehder,Weis,Rankin,Janas,Shanahan,Tommy,,,,,,,,,,,,,,,,,,,,,,1832,,,,,,,,,,,Chicago Wildfire,2019,"Danny, Janas, Rankin, Rehder, Shanahan, Tommy, Weis",1,2,16,1.0
102,2019-04-22 07:57,Minnesota Wind Chill,102,O,8,7,Offense,Catch,Danny,Rehder,,,Danny,Rehder,Weis,Rankin,Janas,Shanahan,Tommy,,,,,,,,,,,,,,,,,,,,,,1836,,,,,,,,,,,Chicago Wildfire,2019,"Danny, Janas, Rankin, Rehder, Shanahan, Tommy, Weis",1,2,16,1.0
103,2019-04-22 07:57,Minnesota Wind Chill,102,O,8,7,Offense,Catch,Rehder,Janas,,,Danny,Rehder,Weis,Rankin,Janas,Shanahan,Tommy,,,,,,,,,,,,,,,,,,,,,,1840,,,,,,,,,,,Chicago Wildfire,2019,"Danny, Janas, Rankin, Rehder, Shanahan, Tommy, Weis",1,2,16,1.0
104,2019-04-22 07:57,Minnesota Wind Chill,102,O,8,7,Offense,Catch,Janas,Tommy,,,Danny,Rehder,Weis,Rankin,Janas,Shanahan,Tommy,,,,,,,,,,,,,,,,,,,,,,1848,,,,,,,,,,,Chicago Wildfire,2019,"Danny, Janas, Rankin, Rehder, Shanahan, Tommy, Weis",1,2,16,1.0
105,2019-04-22 07:57,Minnesota Wind Chill,102,O,8,7,Offense,Throwaway,Tommy,Anonymous,,,Danny,Rehder,Weis,Rankin,Janas,Shanahan,Tommy,,,,,,,,,,,,,,,,,,,,,,1861,,,,,,,,,,,Chicago Wildfire,2019,"Danny, Janas, Rankin, Rehder, Shanahan, Tommy, Weis",1,2,16,1.0
106,2019-04-22 07:57,Minnesota Wind Chill,102,O,8,7,Defense,D,,,Rehder,,Danny,Rehder,Weis,Rankin,Janas,Shanahan,Tommy,,,,,,,,,,,,,,,,,,,,,,1882,,,,,,,,,,,Chicago Wildfire,2019,"Danny, Janas, Rankin, Rehder, Shanahan, Tommy, Weis",1,2,16,2.0
107,2019-04-22 07:57,Minnesota Wind Chill,102,O,8,7,Offense,Catch,Rehder,Tommy,,,Danny,Rehder,Weis,Rankin,Janas,Shanahan,Tommy,,,,,,,,,,,,,,,,,,,,,,1888,,,,,,,,,,,Chicago Wildfire,2019,"Danny, Janas, Rankin, Rehder, Shanahan, Tommy, Weis",1,2,16,3.0
108,2019-04-22 07:57,Minnesota Wind Chill,102,O,8,7,Offense,Catch,Tommy,Rehder,,,Danny,Rehder,Weis,Rankin,Janas,Shanahan,Tommy,,,,,,,,,,,,,,,,,,,,,,1893,,,,,,,,,,,Chicago Wildfire,2019,"Danny, Janas, Rankin, Rehder, Shanahan, Tommy, Weis",1,2,16,3.0
109,2019-04-22 07:57,Minnesota Wind Chill,102,O,8,7,Offense,Goal,Rehder,Shanahan,,,Danny,Rehder,Weis,Rankin,Janas,Shanahan,Tommy,,,,,,,,,,,,,,,,,,,,,,1899,,,,,,,,,,,Chicago Wildfire,2019,"Danny, Janas, Rankin, Rehder, Shanahan, Tommy, Weis",1,2,16,3.0
110,2019-04-22 07:57,Minnesota Wind Chill,5,D,8,8,Defense,Pull,,,Sykora,9.923,Burril,Weis,Johnson,Sykora,Woods,Kingma,Cal,,,,,,,,,,,,,,,,,,,,,,1954,,,,,,,,,,,Chicago Wildfire,2019,"Burril, Cal, Johnson, Kingma, Sykora, Weis, Woods",1,2,17,1.0
111,2019-04-22 07:57,Minnesota Wind Chill,5,D,8,8,Defense,Goal,,,Anonymous,,Burril,Weis,Johnson,Sykora,Woods,Kingma,Cal,,,,,,,,,,,,,,,,,,,,,,1957,,,,,,,,,,,Chicago Wildfire,2019,"Burril, Cal, Johnson, Kingma, Sykora, Weis, Woods",1,2,17,1.0
112,2019-04-22 07:57,Minnesota Wind Chill,65,O,9,8,Offense,Catch,Janas,Rankin,,,Burril,Danny,Rehder,Rankin,Janas,Shanahan,Tommy,,,,,,,,,,,,,,,,,,,,,,1972,,,,,,,,,,,Chicago Wildfire,2019,"Burril, Danny, Janas, Rankin, Rehder, Shanahan, Tommy",1,2,18,1.0
113,2019-04-22 07:57,Minnesota Wind Chill,65,O,9,8,Offense,Catch,Rankin,Rehder,,,Burril,Danny,Rehder,Rankin,Janas,Shanahan,Tommy,,,,,,,,,,,,,,,,,,,,,,1981,,,,,,,,,,,Chicago Wildfire,2019,"Burril, Danny, Janas, Rankin, Rehder, Shanahan, Tommy",1,2,18,1.0
114,2019-04-22 07:57,Minnesota Wind Chill,65,O,9,8,Offense,Catch,Rehder,Janas,,,Burril,Danny,Rehder,Rankin,Janas,Shanahan,Tommy,,,,,,,,,,,,,,,,,,,,,,1986,,,,,,,,,,,Chicago Wildfire,2019,"Burril, Danny, Janas, Rankin, Rehder, Shanahan, Tommy",1,2,18,1.0
115,2019-04-22 07:57,Minnesota Wind Chill,65,O,9,8,Offense,Catch,Janas,Burril,,,Burril,Danny,Rehder,Rankin,Janas,Shanahan,Tommy,,,,,,,,,,,,,,,,,,,,,,2005,,,,,,,,,,,Chicago Wildfire,2019,"Burril, Danny, Janas, Rankin, Rehder, Shanahan, Tommy",1,2,18,1.0
116,2019-04-22 07:57,Minnesota Wind Chill,65,O,9,8,Offense,Catch,Burril,Shanahan,,,Burril,Danny,Rehder,Rankin,Janas,Shanahan,Tommy,,,,,,,,,,,,,,,,,,,,,,2013,,,,,,,,,,,Chicago Wildfire,2019,"Burril, Danny, Janas, Rankin, Rehder, Shanahan, Tommy",1,2,18,1.0
117,2019-04-22 07:57,Minnesota Wind Chill,65,O,9,8,Offense,Catch,Shanahan,Janas,,,Burril,Danny,Rehder,Rankin,Janas,Shanahan,Tommy,,,,,,,,,,,,,,,,,,,,,,2017,,,,,,,,,,,Chicago Wildfire,2019,"Burril, Danny, Janas, Rankin, Rehder, Shanahan, Tommy",1,2,18,1.0
118,2019-04-22 07:57,Minnesota Wind Chill,65,O,9,8,Offense,Catch,Janas,Tommy,,,Burril,Danny,Rehder,Rankin,Janas,Shanahan,Tommy,,,,,,,,,,,,,,,,,,,,,,2020,,,,,,,,,,,Chicago Wildfire,2019,"Burril, Danny, Janas, Rankin, Rehder, Shanahan, Tommy",1,2,18,1.0
119,2019-04-22 07:57,Minnesota Wind Chill,65,O,9,8,Offense,Catch,Tommy,Burril,,,Burril,Danny,Rehder,Rankin,Janas,Shanahan,Tommy,,,,,,,,,,,,,,,,,,,,,,2026,,,,,,,,,,,Chicago Wildfire,2019,"Burril, Danny, Janas, Rankin, Rehder, Shanahan, Tommy",1,2,18,1.0
120,2019-04-22 07:57,Minnesota Wind Chill,65,O,9,8,Offense,Catch,Burril,Tommy,,,Burril,Danny,Rehder,Rankin,Janas,Shanahan,Tommy,,,,,,,,,,,,,,,,,,,,,,2031,,,,,,,,,,,Chicago Wildfire,2019,"Burril, Danny, Janas, Rankin, Rehder, Shanahan, Tommy",1,2,18,1.0
121,2019-04-22 07:57,Minnesota Wind Chill,65,O,9,8,Offense,Goal,Tommy,Danny,,,Burril,Danny,Rehder,Rankin,Janas,Shanahan,Tommy,,,,,,,,,,,,,,,,,,,,,,2035,,,,,,,,,,,Chicago Wildfire,2019,"Burril, Danny, Janas, Rankin, Rehder, Shanahan, Tommy",1,2,18,1.0
122,2019-04-22 07:57,Minnesota Wind Chill,10,D,9,9,Defense,Pull,,,Rehder,4.829,Rehder,Swanson,Uber,Weaver,Barker,Zeman,Meinecke,,,,,,,,,,,,,,,,,,,,,,2087,,,,,,,,,,,Chicago Wildfire,2019,"Barker, Meinecke, Rehder, Swanson, Uber, Weaver, Zeman",1,2,19,1.0
123,2019-04-22 07:57,Minnesota Wind Chill,10,D,9,9,Defense,Goal,,,Anonymous,,Rehder,Swanson,Uber,Weaver,Barker,Zeman,Meinecke,,,,,,,,,,,,,,,,,,,,,,2095,,,,,,,,,,,Chicago Wildfire,2019,"Barker, Meinecke, Rehder, Swanson, Uber, Weaver, Zeman",1,2,19,1.0
124,2019-04-22 07:57,Minnesota Wind Chill,59,O,10,9,Offense,Catch,Weis,Janas,,,Danny,Rehder,Weis,Rankin,Janas,Shanahan,Tommy,,,,,,,,,,,,,,,,,,,,,,2121,,,,,,,,,,,Chicago Wildfire,2019,"Danny, Janas, Rankin, Rehder, Shanahan, Tommy, Weis",1,2,20,1.0
125,2019-04-22 07:57,Minnesota Wind Chill,59,O,10,9,Offense,Catch,Janas,Tommy,,,Danny,Rehder,Weis,Rankin,Janas,Shanahan,Tommy,,,,,,,,,,,,,,,,,,,,,,2132,,,,,,,,,,,Chicago Wildfire,2019,"Danny, Janas, Rankin, Rehder, Shanahan, Tommy, Weis",1,2,20,1.0
126,2019-04-22 07:57,Minnesota Wind Chill,59,O,10,9,Offense,Catch,Tommy,Rankin,,,Danny,Rehder,Weis,Rankin,Janas,Shanahan,Tommy,,,,,,,,,,,,,,,,,,,,,,2136,,,,,,,,,,,Chicago Wildfire,2019,"Danny, Janas, Rankin, Rehder, Shanahan, Tommy, Weis",1,2,20,1.0
127,2019-04-22 07:57,Minnesota Wind Chill,59,O,10,9,Offense,Catch,Rankin,Shanahan,,,Danny,Rehder,Weis,Rankin,Janas,Shanahan,Tommy,,,,,,,,,,,,,,,,,,,,,,2140,,,,,,,,,,,Chicago Wildfire,2019,"Danny, Janas, Rankin, Rehder, Shanahan, Tommy, Weis",1,2,20,1.0
128,2019-04-22 07:57,Minnesota Wind Chill,59,O,10,9,Offense,Catch,Shanahan,Rankin,,,Danny,Rehder,Weis,Rankin,Janas,Shanahan,Tommy,,,,,,,,,,,,,,,,,,,,,,2153,,,,,,,,,,,Chicago Wildfire,2019,"Danny, Janas, Rankin, Rehder, Shanahan, Tommy, Weis",1,2,20,1.0
129,2019-04-22 07:57,Minnesota Wind Chill,59,O,10,9,Offense,Catch,Rankin,Rehder,,,Danny,Rehder,Weis,Rankin,Janas,Shanahan,Tommy,,,,,,,,,,,,,,,,,,,,,,2175,,,,,,,,,,,Chicago Wildfire,2019,"Danny, Janas, Rankin, Rehder, Shanahan, Tommy, Weis",1,2,20,1.0
130,2019-04-22 07:57,Minnesota Wind Chill,59,O,10,9,Offense,Goal,Rehder,Danny,,,Danny,Rehder,Weis,Rankin,Janas,Shanahan,Tommy,,,,,,,,,,,,,,,,,,,,,,2178,,,,,,,,,,,Chicago Wildfire,2019,"Danny, Janas, Rankin, Rehder, Shanahan, Tommy, Weis",1,2,20,1.0
131,2019-04-22 07:57,Minnesota Wind Chill,11,D,10,10,Defense,Pull,,,Meinecke,6.765,Swanson,Weis,Uber,Weaver,Barker,Zeman,Meinecke,,,,,,,,,,,,,,,,,,,,,,2218,,,,,,,,,,,Chicago Wildfire,2019,"Barker, Meinecke, Swanson, Uber, Weaver, Weis, Zeman",1,2,21,1.0
132,2019-04-22 07:57,Minnesota Wind Chill,11,D,10,10,Defense,Goal,,,Anonymous,,Swanson,Weis,Uber,Weaver,Barker,Zeman,Meinecke,,,,,,,,,,,,,,,,,,,,,,2227,,,,,,,,,,,Chicago Wildfire,2019,"Barker, Meinecke, Swanson, Uber, Weaver, Weis, Zeman",1,2,21,1.0
133,2019-04-22 07:57,Minnesota Wind Chill,35,O,11,10,Offense,Catch,Janas,Weis,,,Danny,Rehder,Weis,Rankin,Janas,Shanahan,Tommy,,,,,,,,,,,,,,,,,,,,,,2238,,,,,,,,,,,Chicago Wildfire,2019,"Danny, Janas, Rankin, Rehder, Shanahan, Tommy, Weis",1,2,22,1.0
134,2019-04-22 07:57,Minnesota Wind Chill,35,O,11,10,Offense,Catch,Weis,Janas,,,Danny,Rehder,Weis,Rankin,Janas,Shanahan,Tommy,,,,,,,,,,,,,,,,,,,,,,2247,,,,,,,,,,,Chicago Wildfire,2019,"Danny, Janas, Rankin, Rehder, Shanahan, Tommy, Weis",1,2,22,1.0
135,2019-04-22 07:57,Minnesota Wind Chill,35,O,11,10,Offense,Catch,Janas,Danny,,,Danny,Rehder,Weis,Rankin,Janas,Shanahan,Tommy,,,,,,,,,,,,,,,,,,,,,,2252,,,,,,,,,,,Chicago Wildfire,2019,"Danny, Janas, Rankin, Rehder, Shanahan, Tommy, Weis",1,2,22,1.0
136,2019-04-22 07:57,Minnesota Wind Chill,35,O,11,10,Offense,Catch,Danny,Janas,,,Danny,Rehder,Weis,Rankin,Janas,Shanahan,Tommy,,,,,,,,,,,,,,,,,,,,,,2256,,,,,,,,,,,Chicago Wildfire,2019,"Danny, Janas, Rankin, Rehder, Shanahan, Tommy, Weis",1,2,22,1.0
137,2019-04-22 07:57,Minnesota Wind Chill,35,O,11,10,Offense,Catch,Janas,Tommy,,,Danny,Rehder,Weis,Rankin,Janas,Shanahan,Tommy,,,,,,,,,,,,,,,,,,,,,,2260,,,,,,,,,,,Chicago Wildfire,2019,"Danny, Janas, Rankin, Rehder, Shanahan, Tommy, Weis",1,2,22,1.0
138,2019-04-22 07:57,Minnesota Wind Chill,35,O,11,10,Offense,Catch,Tommy,Shanahan,,,Danny,Rehder,Weis,Rankin,Janas,Shanahan,Tommy,,,,,,,,,,,,,,,,,,,,,,2264,,,,,,,,,,,Chicago Wildfire,2019,"Danny, Janas, Rankin, Rehder, Shanahan, Tommy, Weis",1,2,22,1.0
139,2019-04-22 07:57,Minnesota Wind Chill,35,O,11,10,Offense,Catch,Shanahan,Rehder,,,Danny,Rehder,Weis,Rankin,Janas,Shanahan,Tommy,,,,,,,,,,,,,,,,,,,,,,2268,,,,,,,,,,,Chicago Wildfire,2019,"Danny, Janas, Rankin, Rehder, Shanahan, Tommy, Weis",1,2,22,1.0
140,2019-04-22 07:57,Minnesota Wind Chill,35,O,11,10,Offense,Goal,Rehder,Tommy,,,Danny,Rehder,Weis,Rankin,Janas,Shanahan,Tommy,,,,,,,,,,,,,,,,,,,,,,2271,,,,,,,,,,,Chicago Wildfire,2019,"Danny, Janas, Rankin, Rehder, Shanahan, Tommy, Weis",1,2,22,1.0
141,2019-04-22 07:57,Minnesota Wind Chill,98,D,12,10,Defense,Pull,,,Sykora,7.333,Danny,Rehder,Weis,Rankin,Janas,Shanahan,Tommy,,,,,,,,,,,,,,,,,,,,,,2331,,,,,,,,,,,Chicago Wildfire,2019,"Danny, Janas, Rankin, Rehder, Shanahan, Tommy, Weis",1,2,23,1.0
142,2019-04-22 07:57,Minnesota Wind Chill,98,D,12,10,Defense,Throwaway,,,Anonymous,,Danny,Rehder,Weis,Rankin,Janas,Shanahan,Tommy,,,,,,,,,,,,,,,,,,,,,,2337,,,,,,,,,,,Chicago Wildfire,2019,"Danny, Janas, Rankin, Rehder, Shanahan, Tommy, Weis",1,2,23,1.0
143,2019-04-22 07:57,Minnesota Wind Chill,98,D,12,10,Offense,Catch,Sykora,Cal,,,Danny,Rehder,Weis,Rankin,Janas,Shanahan,Tommy,,,,,,,,,,,,,,,,,,,,,,2346,,,,,,,,,,,Chicago Wildfire,2019,"Danny, Janas, Rankin, Rehder, Shanahan, Tommy, Weis",1,2,23,2.0
144,2019-04-22 07:57,Minnesota Wind Chill,98,D,12,10,Offense,Catch,Cal,Sykora,,,Danny,Rehder,Weis,Rankin,Janas,Shanahan,Tommy,,,,,,,,,,,,,,,,,,,,,,2350,,,,,,,,,,,Chicago Wildfire,2019,"Danny, Janas, Rankin, Rehder, Shanahan, Tommy, Weis",1,2,23,2.0
145,2019-04-22 07:57,Minnesota Wind Chill,98,D,12,10,Offense,Catch,Anonymous,Janas,,,Danny,Rehder,Weis,Rankin,Janas,Shanahan,Tommy,,,,,,,,,,,,,,,,,,,,,,2400,,,,,,,,,,,Chicago Wildfire,2019,"Danny, Janas, Rankin, Rehder, Shanahan, Tommy, Weis",1,2,23,2.0
146,2019-04-22 07:57,Minnesota Wind Chill,98,D,12,10,Offense,Catch,Janas,Rehder,,,Danny,Rehder,Weis,Rankin,Janas,Shanahan,Tommy,,,,,,,,,,,,,,,,,,,,,,2410,,,,,,,,,,,Chicago Wildfire,2019,"Danny, Janas, Rankin, Rehder, Shanahan, Tommy, Weis",1,2,23,2.0
147,2019-04-22 07:57,Minnesota Wind Chill,98,D,12,10,Offense,Catch,Rehder,Rankin,,,Danny,Rehder,Weis,Rankin,Janas,Shanahan,Tommy,,,,,,,,,,,,,,,,,,,,,,2414,,,,,,,,,,,Chicago Wildfire,2019,"Danny, Janas, Rankin, Rehder, Shanahan, Tommy, Weis",1,2,23,2.0
148,2019-04-22 07:57,Minnesota Wind Chill,98,D,12,10,Offense,Catch,Rankin,Weis,,,Danny,Rehder,Weis,Rankin,Janas,Shanahan,Tommy,,,,,,,,,,,,,,,,,,,,,,2419,,,,,,,,,,,Chicago Wildfire,2019,"Danny, Janas, Rankin, Rehder, Shanahan, Tommy, Weis",1,2,23,2.0
149,2019-04-22 07:57,Minnesota Wind Chill,98,D,12,10,Offense,Catch,Weis,Rankin,,,Danny,Rehder,Weis,Rankin,Janas,Shanahan,Tommy,,,,,,,,,,,,,,,,,,,,,,2424,,,,,,,,,,,Chicago Wildfire,2019,"Danny, Janas, Rankin, Rehder, Shanahan, Tommy, Weis",1,2,23,2.0
150,2019-04-22 07:57,Minnesota Wind Chill,98,D,12,10,Offense,Goal,Rankin,Weis,,,Danny,Rehder,Weis,Rankin,Janas,Shanahan,Tommy,,,,,,,,,,,,,,,,,,,,,,2427,,,,,,,,,,,Chicago Wildfire,2019,"Danny, Janas, Rankin, Rehder, Shanahan, Tommy, Weis",1,2,23,2.0
151,2019-04-22 07:57,Minnesota Wind Chill,59,D,13,10,Defense,Pull,,,Janas,6.922,Rehder,Swanson,Weaver,Rankin,Barker,Janas,Zeman,,,,,,,,,,,,,,,,,,,,,,2487,,,,,,,,,,,Chicago Wildfire,2019,"Barker, Janas, Rankin, Rehder, Swanson, Weaver, Zeman",1,2,24,1.0
152,2019-04-22 07:57,Minnesota Wind Chill,59,D,13,10,Defense,Throwaway,,,Anonymous,,Rehder,Swanson,Weaver,Rankin,Barker,Janas,Zeman,,,,,,,,,,,,,,,,,,,,,,2500,,,,,,,,,,,Chicago Wildfire,2019,"Barker, Janas, Rankin, Rehder, Swanson, Weaver, Zeman",1,2,24,1.0
153,2019-04-22 07:57,Minnesota Wind Chill,59,D,13,10,Offense,Catch,Rankin,Weaver,,,Rehder,Swanson,Weaver,Rankin,Barker,Janas,Zeman,,,,,,,,,,,,,,,,,,,,,,2509,,,,,,,,,,,Chicago Wildfire,2019,"Barker, Janas, Rankin, Rehder, Swanson, Weaver, Zeman",1,2,24,2.0
154,2019-04-22 07:57,Minnesota Wind Chill,59,D,13,10,Offense,Catch,Weaver,Barker,,,Rehder,Swanson,Weaver,Rankin,Barker,Janas,Zeman,,,,,,,,,,,,,,,,,,,,,,2512,,,,,,,,,,,Chicago Wildfire,2019,"Barker, Janas, Rankin, Rehder, Swanson, Weaver, Zeman",1,2,24,2.0
155,2019-04-22 07:57,Minnesota Wind Chill,59,D,13,10,Offense,Catch,Barker,Janas,,,Rehder,Swanson,Weaver,Rankin,Barker,Janas,Zeman,,,,,,,,,,,,,,,,,,,,,,2518,,,,,,,,,,,Chicago Wildfire,2019,"Barker, Janas, Rankin, Rehder, Swanson, Weaver, Zeman",1,2,24,2.0
156,2019-04-22 07:57,Minnesota Wind Chill,59,D,13,10,Offense,Catch,Janas,Barker,,,Rehder,Swanson,Weaver,Rankin,Barker,Janas,Zeman,,,,,,,,,,,,,,,,,,,,,,2521,,,,,,,,,,,Chicago Wildfire,2019,"Barker, Janas, Rankin, Rehder, Swanson, Weaver, Zeman",1,2,24,2.0
157,2019-04-22 07:57,Minnesota Wind Chill,59,D,13,10,Offense,Catch,Barker,Janas,,,Rehder,Swanson,Weaver,Rankin,Barker,Janas,Zeman,,,,,,,,,,,,,,,,,,,,,,2525,,,,,,,,,,,Chicago Wildfire,2019,"Barker, Janas, Rankin, Rehder, Swanson, Weaver, Zeman",1,2,24,2.0
158,2019-04-22 07:57,Minnesota Wind Chill,59,D,13,10,Offense,Goal,Janas,Swanson,,,Rehder,Swanson,Weaver,Rankin,Barker,Janas,Zeman,,,,,,,,,,,,,,,,,,,,,,2544,,,,,,,,,,,Chicago Wildfire,2019,"Barker, Janas, Rankin, Rehder, Swanson, Weaver, Zeman",1,2,24,2.0
159,2019-04-22 07:57,Minnesota Wind Chill,28,D,14,10,Defense,Pull,,,Sykora,8.265,Burril,Swanson,Uber,Sykora,Woods,Kingma,Meinecke,,,,,,,,,,,,,,,,,,,,,,2695,,,,,,,,,,,Chicago Wildfire,2019,"Burril, Kingma, Meinecke, Swanson, Sykora, Uber, Woods",1,2,25,1.0
160,2019-04-22 07:57,Minnesota Wind Chill,28,D,14,10,Defense,Throwaway,,,Anonymous,,Burril,Swanson,Uber,Sykora,Woods,Kingma,Meinecke,,,,,,,,,,,,,,,,,,,,,,2701,,,,,,,,,,,Chicago Wildfire,2019,"Burril, Kingma, Meinecke, Swanson, Sykora, Uber, Woods",1,2,25,1.0
161,2019-04-22 07:57,Minnesota Wind Chill,28,D,14,10,Offense,Catch,Sykora,Meinecke,,,Burril,Swanson,Uber,Sykora,Woods,Kingma,Meinecke,,,,,,,,,,,,,,,,,,,,,,2715,,,,,,,,,,,Chicago Wildfire,2019,"Burril, Kingma, Meinecke, Swanson, Sykora, Uber, Woods",1,2,25,2.0
162,2019-04-22 07:57,Minnesota Wind Chill,28,D,14,10,Offense,Goal,Meinecke,Swanson,,,Burril,Swanson,Uber,Sykora,Woods,Kingma,Meinecke,,,,,,,,,,,,,,,,,,,,,,2721,,,,,,,,,,,Chicago Wildfire,2019,"Burril, Kingma, Meinecke, Swanson, Sykora, Uber, Woods",1,2,25,2.0
163,2019-04-22 07:57,Minnesota Wind Chill,42,D,14,11,Defense,PullOb,,,Sykora,,Burril,Swanson,Weis,Uber,Sykora,Woods,Kingma,,,,,,,,,,,,,,,,,,,,,,2762,,,,,,,,,,,Chicago Wildfire,2019,"Burril, Kingma, Swanson, Sykora, Uber, Weis, Woods",1,2,26,1.0
164,2019-04-22 07:57,Minnesota Wind Chill,42,D,14,11,Defense,Throwaway,,,Anonymous,,Burril,Swanson,Weis,Uber,Sykora,Woods,Kingma,,,,,,,,,,,,,,,,,,,,,,2773,,,,,,,,,,,Chicago Wildfire,2019,"Burril, Kingma, Swanson, Sykora, Uber, Weis, Woods",1,2,26,1.0
165,2019-04-22 07:57,Minnesota Wind Chill,42,D,14,11,Offense,Catch,Burril,Sykora,,,Burril,Swanson,Weis,Uber,Sykora,Woods,Kingma,,,,,,,,,,,,,,,,,,,,,,2788,,,,,,,,,,,Chicago Wildfire,2019,"Burril, Kingma, Swanson, Sykora, Uber, Weis, Woods",1,2,26,2.0
166,2019-04-22 07:57,Minnesota Wind Chill,42,D,14,11,Offense,Throwaway,Sykora,Anonymous,,,Burril,Swanson,Weis,Uber,Sykora,Woods,Kingma,,,,,,,,,,,,,,,,,,,,,,2793,,,,,,,,,,,Chicago Wildfire,2019,"Burril, Kingma, Swanson, Sykora, Uber, Weis, Woods",1,2,26,2.0
167,2019-04-22 07:57,Minnesota Wind Chill,42,D,14,11,Defense,Goal,,,Anonymous,,Burril,Swanson,Weis,Uber,Sykora,Woods,Kingma,,,,,,,,,,,,,,,,,,,,,,2802,,,,,,,,,,,Chicago Wildfire,2019,"Burril, Kingma, Swanson, Sykora, Uber, Weis, Woods",1,2,26,3.0
168,2019-04-22 07:57,Minnesota Wind Chill,90,O,15,11,Offense,Catch,Tommy,Janas,,,Danny,Rehder,Weis,Rankin,Janas,Shanahan,Tommy,,,,,,,,,,,,,,,,,,,,,,2816,,,,,,,,,,,Chicago Wildfire,2019,"Danny, Janas, Rankin, Rehder, Shanahan, Tommy, Weis",1,2,27,1.0
169,2019-04-22 07:57,Minnesota Wind Chill,90,O,15,11,Offense,Catch,Janas,Rehder,,,Danny,Rehder,Weis,Rankin,Janas,Shanahan,Tommy,,,,,,,,,,,,,,,,,,,,,,2828,,,,,,,,,,,Chicago Wildfire,2019,"Danny, Janas, Rankin, Rehder, Shanahan, Tommy, Weis",1,2,27,1.0
170,2019-04-22 07:57,Minnesota Wind Chill,90,O,15,11,Offense,Catch,Rehder,Janas,,,Danny,Rehder,Weis,Rankin,Janas,Shanahan,Tommy,,,,,,,,,,,,,,,,,,,,,,2831,,,,,,,,,,,Chicago Wildfire,2019,"Danny, Janas, Rankin, Rehder, Shanahan, Tommy, Weis",1,2,27,1.0
171,2019-04-22 07:57,Minnesota Wind Chill,90,O,15,11,Offense,Catch,Janas,Tommy,,,Danny,Rehder,Weis,Rankin,Janas,Shanahan,Tommy,,,,,,,,,,,,,,,,,,,,,,2835,,,,,,,,,,,Chicago Wildfire,2019,"Danny, Janas, Rankin, Rehder, Shanahan, Tommy, Weis",1,2,27,1.0
172,2019-04-22 07:57,Minnesota Wind Chill,90,O,15,11,Offense,Catch,Tommy,Weis,,,Danny,Rehder,Weis,Rankin,Janas,Shanahan,Tommy,,,,,,,,,,,,,,,,,,,,,,2841,,,,,,,,,,,Chicago Wildfire,2019,"Danny, Janas, Rankin, Rehder, Shanahan, Tommy, Weis",1,2,27,1.0
173,2019-04-22 07:57,Minnesota Wind Chill,90,O,15,11,Offense,Catch,Weis,Tommy,,,Danny,Rehder,Weis,Rankin,Janas,Shanahan,Tommy,,,,,,,,,,,,,,,,,,,,,,2845,,,,,,,,,,,Chicago Wildfire,2019,"Danny, Janas, Rankin, Rehder, Shanahan, Tommy, Weis",1,2,27,1.0
174,2019-04-22 07:57,Minnesota Wind Chill,90,O,15,11,Offense,Catch,Tommy,Shanahan,,,Danny,Rehder,Weis,Rankin,Janas,Shanahan,Tommy,,,,,,,,,,,,,,,,,,,,,,2850,,,,,,,,,,,Chicago Wildfire,2019,"Danny, Janas, Rankin, Rehder, Shanahan, Tommy, Weis",1,2,27,1.0
175,2019-04-22 07:57,Minnesota Wind Chill,90,O,15,11,Offense,Catch,Shanahan,Rankin,,,Danny,Rehder,Weis,Rankin,Janas,Shanahan,Tommy,,,,,,,,,,,,,,,,,,,,,,2857,,,,,,,,,,,Chicago Wildfire,2019,"Danny, Janas, Rankin, Rehder, Shanahan, Tommy, Weis",1,2,27,1.0
176,2019-04-22 07:57,Minnesota Wind Chill,90,O,15,11,Offense,Throwaway,Rankin,Anonymous,,,Danny,Rehder,Weis,Rankin,Janas,Shanahan,Tommy,,,,,,,,,,,,,,,,,,,,,,2862,,,,,,,,,,,Chicago Wildfire,2019,"Danny, Janas, Rankin, Rehder, Shanahan, Tommy, Weis",1,2,27,1.0
177,2019-04-22 07:57,Minnesota Wind Chill,90,O,15,11,Defense,D,,,Janas,,Danny,Rehder,Weis,Rankin,Janas,Shanahan,Tommy,,,,,,,,,,,,,,,,,,,,,,2887,,,,,,,,,,,Chicago Wildfire,2019,"Danny, Janas, Rankin, Rehder, Shanahan, Tommy, Weis",1,2,27,2.0
178,2019-04-22 07:57,Minnesota Wind Chill,90,O,15,11,Offense,Catch,Tommy,Janas,,,Danny,Rehder,Weis,Rankin,Janas,Shanahan,Tommy,,,,,,,,,,,,,,,,,,,,,,2900,,,,,,,,,,,Chicago Wildfire,2019,"Danny, Janas, Rankin, Rehder, Shanahan, Tommy, Weis",1,2,27,3.0
179,2019-04-22 07:57,Minnesota Wind Chill,90,O,15,11,Offense,Goal,Janas,Shanahan,,,Danny,Rehder,Weis,Rankin,Janas,Shanahan,Tommy,,,,,,,,,,,,,,,,,,,,,,2904,,,,,,,,,,,Chicago Wildfire,2019,"Danny, Janas, Rankin, Rehder, Shanahan, Tommy, Weis",1,2,27,3.0
180,2019-04-22 07:57,Minnesota Wind Chill,34,D,16,11,Defense,Pull,,,Rehder,6.133,Rehder,Swanson,Uber,Weaver,Barker,Zeman,Meinecke,,,,,,,,,,,,,,,,,,,,,,3020,,,,,,,,,,,Chicago Wildfire,2019,"Barker, Meinecke, Rehder, Swanson, Uber, Weaver, Zeman",1,2,28,1.0
181,2019-04-22 07:57,Minnesota Wind Chill,34,D,16,11,Defense,D,,,Rehder,,Rehder,Swanson,Uber,Weaver,Barker,Zeman,Meinecke,,,,,,,,,,,,,,,,,,,,,,3036,,,,,,,,,,,Chicago Wildfire,2019,"Barker, Meinecke, Rehder, Swanson, Uber, Weaver, Zeman",1,2,28,1.0
182,2019-04-22 07:57,Minnesota Wind Chill,34,D,16,11,Offense,Catch,Rehder,Meinecke,,,Rehder,Swanson,Uber,Weaver,Barker,Zeman,Meinecke,,,,,,,,,,,,,,,,,,,,,,3042,,,,,,,,,,,Chicago Wildfire,2019,"Barker, Meinecke, Rehder, Swanson, Uber, Weaver, Zeman",1,2,28,2.0
183,2019-04-22 07:57,Minnesota Wind Chill,34,D,16,11,Offense,Catch,Meinecke,Weaver,,,Rehder,Swanson,Uber,Weaver,Barker,Zeman,Meinecke,,,,,,,,,,,,,,,,,,,,,,3045,,,,,,,,,,,Chicago Wildfire,2019,"Barker, Meinecke, Rehder, Swanson, Uber, Weaver, Zeman",1,2,28,2.0
184,2019-04-22 07:57,Minnesota Wind Chill,34,D,16,11,Offense,Goal,Weaver,Swanson,,,Rehder,Swanson,Uber,Weaver,Barker,Zeman,Meinecke,,,,,,,,,,,,,,,,,,,,,,3052,,,,,,,,,,,Chicago Wildfire,2019,"Barker, Meinecke, Rehder, Swanson, Uber, Weaver, Zeman",1,2,28,2.0
185,2019-04-22 07:57,Minnesota Wind Chill,7,D,16,12,Defense,Pull,,,Sykora,7.757,Burril,Weis,Johnson,Sykora,Woods,Kingma,Cal,,,,,,,,,,,,,,,,,,,,,,3114,,,,,,,,,,,Chicago Wildfire,2019,"Burril, Cal, Johnson, Kingma, Sykora, Weis, Woods",1,2,29,1.0
186,2019-04-22 07:57,Minnesota Wind Chill,7,D,16,12,Defense,Goal,,,Anonymous,,Burril,Weis,Johnson,Sykora,Woods,Kingma,Cal,,,,,,,,,,,,,,,,,,,,,,3119,,,,,,,,,,,Chicago Wildfire,2019,"Burril, Cal, Johnson, Kingma, Sykora, Weis, Woods",1,2,29,1.0
187,2019-04-22 07:57,Minnesota Wind Chill,44,O,17,12,Offense,Catch,Weis,Janas,,,Danny,Rehder,Weis,Rankin,Janas,Shanahan,Tommy,,,,,,,,,,,,,,,,,,,,,,3129,,,,,,,,,,,Chicago Wildfire,2019,"Danny, Janas, Rankin, Rehder, Shanahan, Tommy, Weis",1,2,30,1.0
188,2019-04-22 07:57,Minnesota Wind Chill,44,O,17,12,Offense,Catch,Janas,Rankin,,,Danny,Rehder,Weis,Rankin,Janas,Shanahan,Tommy,,,,,,,,,,,,,,,,,,,,,,3154,,,,,,,,,,,Chicago Wildfire,2019,"Danny, Janas, Rankin, Rehder, Shanahan, Tommy, Weis",1,2,30,1.0
189,2019-04-22 07:57,Minnesota Wind Chill,44,O,17,12,Offense,Catch,Rankin,Danny,,,Danny,Rehder,Weis,Rankin,Janas,Shanahan,Tommy,,,,,,,,,,,,,,,,,,,,,,3162,,,,,,,,,,,Chicago Wildfire,2019,"Danny, Janas, Rankin, Rehder, Shanahan, Tommy, Weis",1,2,30,1.0
190,2019-04-22 07:57,Minnesota Wind Chill,44,O,17,12,Offense,Goal,Danny,Janas,,,Danny,Rehder,Weis,Rankin,Janas,Shanahan,Tommy,,,,,,,,,,,,,,,,,,,,,,3171,,,,,,,,,,,Chicago Wildfire,2019,"Danny, Janas, Rankin, Rehder, Shanahan, Tommy, Weis",1,2,30,1.0
191,2019-04-22 07:57,Minnesota Wind Chill,18,D,17,13,Defense,Pull,,,Janas,4.571,Rehder,Swanson,Weaver,Rankin,Barker,Janas,Zeman,,,,,,,,,,,,,,,,,,,,,,3260,,,,,,,,,,,Chicago Wildfire,2019,"Barker, Janas, Rankin, Rehder, Swanson, Weaver, Zeman",1,2,31,1.0
192,2019-04-22 07:57,Minnesota Wind Chill,18,D,17,13,Defense,Goal,,,Anonymous,,Rehder,Swanson,Weaver,Rankin,Barker,Janas,Zeman,,,,,,,,,,,,,,,,,,,,,,3276,,,,,,,,,,,Chicago Wildfire,2019,"Barker, Janas, Rankin, Rehder, Swanson, Weaver, Zeman",1,2,31,1.0
193,2019-04-22 07:57,Minnesota Wind Chill,7,O,17,13,Cessation,Halftime,,,,,Rehder,Swanson,Weaver,Rankin,Barker,Janas,Zeman,,,,,,,,,,,,,,,,,,,,,,3282,,,,,,,,,,,Chicago Wildfire,2019,"Barker, Janas, Rankin, Rehder, Swanson, Weaver, Zeman",1,2,32,1.0
194,2019-04-22 07:57,Minnesota Wind Chill,61,D,18,13,Defense,Pull,,,Meinecke,5.023,Swanson,Weis,Uber,Weaver,Barker,Zeman,Meinecke,,,,,,,,,,,,,,,,,,,,,,3376,,,,,,,,,,,Chicago Wildfire,2019,"Barker, Meinecke, Swanson, Uber, Weaver, Weis, Zeman",1,3,33,1.0
195,2019-04-22 07:57,Minnesota Wind Chill,61,D,18,13,Defense,D,,,Swanson,,Swanson,Weis,Uber,Weaver,Barker,Zeman,Meinecke,,,,,,,,,,,,,,,,,,,,,,3399,,,,,,,,,,,Chicago Wildfire,2019,"Barker, Meinecke, Swanson, Uber, Weaver, Weis, Zeman",1,3,33,1.0
196,2019-04-22 07:57,Minnesota Wind Chill,61,D,18,13,Offense,Catch,Uber,Barker,,,Swanson,Weis,Uber,Weaver,Barker,Zeman,Meinecke,,,,,,,,,,,,,,,,,,,,,,3408,,,,,,,,,,,Chicago Wildfire,2019,"Barker, Meinecke, Swanson, Uber, Weaver, Weis, Zeman",1,3,33,2.0
197,2019-04-22 07:57,Minnesota Wind Chill,61,D,18,13,Offense,Catch,Barker,Meinecke,,,Swanson,Weis,Uber,Weaver,Barker,Zeman,Meinecke,,,,,,,,,,,,,,,,,,,,,,3414,,,,,,,,,,,Chicago Wildfire,2019,"Barker, Meinecke, Swanson, Uber, Weaver, Weis, Zeman",1,3,33,2.0
198,2019-04-22 07:57,Minnesota Wind Chill,61,D,18,13,Offense,Catch,Meinecke,Weis,,,Swanson,Weis,Uber,Weaver,Barker,Zeman,Meinecke,,,,,,,,,,,,,,,,,,,,,,3420,,,,,,,,,,,Chicago Wildfire,2019,"Barker, Meinecke, Swanson, Uber, Weaver, Weis, Zeman",1,3,33,2.0
199,2019-04-22 07:57,Minnesota Wind Chill,61,D,18,13,Offense,Catch,Weis,Uber,,,Swanson,Weis,Uber,Weaver,Barker,Zeman,Meinecke,,,,,,,,,,,,,,,,,,,,,,3427,,,,,,,,,,,Chicago Wildfire,2019,"Barker, Meinecke, Swanson, Uber, Weaver, Weis, Zeman",1,3,33,2.0
200,2019-04-22 07:57,Minnesota Wind Chill,61,D,18,13,Offense,Catch,Uber,Barker,,,Swanson,Weis,Uber,Weaver,Barker,Zeman,Meinecke,,,,,,,,,,,,,,,,,,,,,,3430,,,,,,,,,,,Chicago Wildfire,2019,"Barker, Meinecke, Swanson, Uber, Weaver, Weis, Zeman",1,3,33,2.0
201,2019-04-22 07:57,Minnesota Wind Chill,61,D,18,13,Offense,Goal,Barker,Swanson,,,Swanson,Weis,Uber,Weaver,Barker,Zeman,Meinecke,,,,,,,,,,,,,,,,,,,,,,3435,,,,,,,,,,,Chicago Wildfire,2019,"Barker, Meinecke, Swanson, Uber, Weaver, Weis, Zeman",1,3,33,2.0
202,2019-04-22 07:57,Minnesota Wind Chill,51,D,19,13,Defense,Pull,,,Rehder,5.71,Burril,Rehder,Johnson,Sykora,Woods,Kingma,Cal,,,,,,,,,,,,,,,,,,,,,,3485,,,,,,,,,,,Chicago Wildfire,2019,"Burril, Cal, Johnson, Kingma, Rehder, Sykora, Woods",1,3,34,1.0
203,2019-04-22 07:57,Minnesota Wind Chill,51,D,19,13,Defense,D,,,Burril,,Burril,Rehder,Johnson,Sykora,Woods,Kingma,Cal,,,,,,,,,,,,,,,,,,,,,,3499,,,,,,,,,,,Chicago Wildfire,2019,"Burril, Cal, Johnson, Kingma, Rehder, Sykora, Woods",1,3,34,1.0
204,2019-04-22 07:57,Minnesota Wind Chill,51,D,19,13,Offense,Catch,Burril,Woods,,,Burril,Rehder,Johnson,Sykora,Woods,Kingma,Cal,,,,,,,,,,,,,,,,,,,,,,3506,,,,,,,,,,,Chicago Wildfire,2019,"Burril, Cal, Johnson, Kingma, Rehder, Sykora, Woods",1,3,34,2.0
205,2019-04-22 07:57,Minnesota Wind Chill,51,D,19,13,Offense,Catch,Woods,Sykora,,,Burril,Rehder,Johnson,Sykora,Woods,Kingma,Cal,,,,,,,,,,,,,,,,,,,,,,3509,,,,,,,,,,,Chicago Wildfire,2019,"Burril, Cal, Johnson, Kingma, Rehder, Sykora, Woods",1,3,34,2.0
206,2019-04-22 07:57,Minnesota Wind Chill,51,D,19,13,Offense,Catch,Sykora,Johnson,,,Burril,Rehder,Johnson,Sykora,Woods,Kingma,Cal,,,,,,,,,,,,,,,,,,,,,,3513,,,,,,,,,,,Chicago Wildfire,2019,"Burril, Cal, Johnson, Kingma, Rehder, Sykora, Woods",1,3,34,2.0
207,2019-04-22 07:57,Minnesota Wind Chill,51,D,19,13,Offense,Catch,Johnson,Sykora,,,Burril,Rehder,Johnson,Sykora,Woods,Kingma,Cal,,,,,,,,,,,,,,,,,,,,,,3516,,,,,,,,,,,Chicago Wildfire,2019,"Burril, Cal, Johnson, Kingma, Rehder, Sykora, Woods",1,3,34,2.0
208,2019-04-22 07:57,Minnesota Wind Chill,51,D,19,13,Offense,Catch,Sykora,Woods,,,Burril,Rehder,Johnson,Sykora,Woods,Kingma,Cal,,,,,,,,,,,,,,,,,,,,,,3520,,,,,,,,,,,Chicago Wildfire,2019,"Burril, Cal, Johnson, Kingma, Rehder, Sykora, Woods",1,3,34,2.0
209,2019-04-22 07:57,Minnesota Wind Chill,51,D,19,13,Offense,Catch,Woods,Sykora,,,Burril,Rehder,Johnson,Sykora,Woods,Kingma,Cal,,,,,,,,,,,,,,,,,,,,,,3526,,,,,,,,,,,Chicago Wildfire,2019,"Burril, Cal, Johnson, Kingma, Rehder, Sykora, Woods",1,3,34,2.0
210,2019-04-22 07:57,Minnesota Wind Chill,51,D,19,13,Offense,Catch,Sykora,Rehder,,,Burril,Rehder,Johnson,Sykora,Woods,Kingma,Cal,,,,,,,,,,,,,,,,,,,,,,3530,,,,,,,,,,,Chicago Wildfire,2019,"Burril, Cal, Johnson, Kingma, Rehder, Sykora, Woods",1,3,34,2.0
211,2019-04-22 07:57,Minnesota Wind Chill,51,D,19,13,Offense,Goal,Rehder,Cal,,,Burril,Rehder,Johnson,Sykora,Woods,Kingma,Cal,,,,,,,,,,,,,,,,,,,,,,3534,,,,,,,,,,,Chicago Wildfire,2019,"Burril, Cal, Johnson, Kingma, Rehder, Sykora, Woods",1,3,34,2.0
212,2019-04-22 07:57,Minnesota Wind Chill,6,D,19,14,Defense,Pull,,,Meinecke,4.475,Swanson,Uber,Weaver,Barker,Zeman,Shanahan,Meinecke,,,,,,,,,,,,,,,,,,,,,,3597,,,,,,,,,,,Chicago Wildfire,2019,"Barker, Meinecke, Shanahan, Swanson, Uber, Weaver, Zeman",1,3,35,1.0
213,2019-04-22 07:57,Minnesota Wind Chill,6,D,19,14,Defense,Goal,,,Anonymous,,Swanson,Uber,Weaver,Barker,Zeman,Shanahan,Meinecke,,,,,,,,,,,,,,,,,,,,,,3601,,,,,,,,,,,Chicago Wildfire,2019,"Barker, Meinecke, Shanahan, Swanson, Uber, Weaver, Zeman",1,3,35,1.0
214,2019-04-22 07:57,Minnesota Wind Chill,61,O,20,14,Offense,Catch,Tommy,Janas,,,Danny,Rehder,Weis,Rankin,Janas,Shanahan,Tommy,,,,,,,,,,,,,,,,,,,,,,3643,,,,,,,,,,,Chicago Wildfire,2019,"Danny, Janas, Rankin, Rehder, Shanahan, Tommy, Weis",1,3,36,1.0
215,2019-04-22 07:57,Minnesota Wind Chill,61,O,20,14,Offense,Catch,Janas,Rehder,,,Danny,Rehder,Weis,Rankin,Janas,Shanahan,Tommy,,,,,,,,,,,,,,,,,,,,,,3659,,,,,,,,,,,Chicago Wildfire,2019,"Danny, Janas, Rankin, Rehder, Shanahan, Tommy, Weis",1,3,36,1.0
216,2019-04-22 07:57,Minnesota Wind Chill,61,O,20,14,Offense,Catch,Rehder,Weis,,,Danny,Rehder,Weis,Rankin,Janas,Shanahan,Tommy,,,,,,,,,,,,,,,,,,,,,,3663,,,,,,,,,,,Chicago Wildfire,2019,"Danny, Janas, Rankin, Rehder, Shanahan, Tommy, Weis",1,3,36,1.0
217,2019-04-22 07:57,Minnesota Wind Chill,61,O,20,14,Offense,Catch,Weis,Rankin,,,Danny,Rehder,Weis,Rankin,Janas,Shanahan,Tommy,,,,,,,,,,,,,,,,,,,,,,3669,,,,,,,,,,,Chicago Wildfire,2019,"Danny, Janas, Rankin, Rehder, Shanahan, Tommy, Weis",1,3,36,1.0
218,2019-04-22 07:57,Minnesota Wind Chill,61,O,20,14,Offense,Catch,Rankin,Janas,,,Danny,Rehder,Weis,Rankin,Janas,Shanahan,Tommy,,,,,,,,,,,,,,,,,,,,,,3673,,,,,,,,,,,Chicago Wildfire,2019,"Danny, Janas, Rankin, Rehder, Shanahan, Tommy, Weis",1,3,36,1.0
219,2019-04-22 07:57,Minnesota Wind Chill,61,O,20,14,Offense,Catch,Janas,Tommy,,,Danny,Rehder,Weis,Rankin,Janas,Shanahan,Tommy,,,,,,,,,,,,,,,,,,,,,,3676,,,,,,,,,,,Chicago Wildfire,2019,"Danny, Janas, Rankin, Rehder, Shanahan, Tommy, Weis",1,3,36,1.0
220,2019-04-22 07:57,Minnesota Wind Chill,61,O,20,14,Offense,Catch,Tommy,Weis,,,Danny,Rehder,Weis,Rankin,Janas,Shanahan,Tommy,,,,,,,,,,,,,,,,,,,,,,3680,,,,,,,,,,,Chicago Wildfire,2019,"Danny, Janas, Rankin, Rehder, Shanahan, Tommy, Weis",1,3,36,1.0
221,2019-04-22 07:57,Minnesota Wind Chill,61,O,20,14,Offense,Catch,Weis,Shanahan,,,Danny,Rehder,Weis,Rankin,Janas,Shanahan,Tommy,,,,,,,,,,,,,,,,,,,,,,3692,,,,,,,,,,,Chicago Wildfire,2019,"Danny, Janas, Rankin, Rehder, Shanahan, Tommy, Weis",1,3,36,1.0
222,2019-04-22 07:57,Minnesota Wind Chill,61,O,20,14,Offense,Catch,Shanahan,Janas,,,Danny,Rehder,Weis,Rankin,Janas,Shanahan,Tommy,,,,,,,,,,,,,,,,,,,,,,3697,,,,,,,,,,,Chicago Wildfire,2019,"Danny, Janas, Rankin, Rehder, Shanahan, Tommy, Weis",1,3,36,1.0
223,2019-04-22 07:57,Minnesota Wind Chill,61,O,20,14,Offense,Goal,Janas,Weis,,,Danny,Rehder,Weis,Rankin,Janas,Shanahan,Tommy,,,,,,,,,,,,,,,,,,,,,,3702,,,,,,,,,,,Chicago Wildfire,2019,"Danny, Janas, Rankin, Rehder, Shanahan, Tommy, Weis",1,3,36,1.0
224,2019-04-22 07:57,Minnesota Wind Chill,98,D,20,15,Defense,Pull,,,Rehder,4.115,Rehder,Swanson,Uber,Weaver,Barker,Zeman,Meinecke,,,,,,,,,,,,,,,,,,,,,,3765,,,,,,,,,,,Chicago Wildfire,2019,"Barker, Meinecke, Rehder, Swanson, Uber, Weaver, Zeman",1,3,37,1.0
225,2019-04-22 07:57,Minnesota Wind Chill,98,D,20,15,Defense,Throwaway,,,Anonymous,,Rehder,Swanson,Uber,Weaver,Barker,Zeman,Meinecke,,,,,,,,,,,,,,,,,,,,,,3780,,,,,,,,,,,Chicago Wildfire,2019,"Barker, Meinecke, Rehder, Swanson, Uber, Weaver, Zeman",1,3,37,1.0
226,2019-04-22 07:57,Minnesota Wind Chill,98,D,20,15,Offense,Catch,Meinecke,Weaver,,,Rehder,Swanson,Uber,Weaver,Barker,Zeman,Meinecke,,,,,,,,,,,,,,,,,,,,,,3791,,,,,,,,,,,Chicago Wildfire,2019,"Barker, Meinecke, Rehder, Swanson, Uber, Weaver, Zeman",1,3,37,2.0
227,2019-04-22 07:57,Minnesota Wind Chill,98,D,20,15,Offense,Catch,Weaver,Rehder,,,Rehder,Swanson,Uber,Weaver,Barker,Zeman,Meinecke,,,,,,,,,,,,,,,,,,,,,,3798,,,,,,,,,,,Chicago Wildfire,2019,"Barker, Meinecke, Rehder, Swanson, Uber, Weaver, Zeman",1,3,37,2.0
228,2019-04-22 07:57,Minnesota Wind Chill,98,D,20,15,Offense,Catch,Rehder,Weaver,,,Rehder,Swanson,Uber,Weaver,Barker,Zeman,Meinecke,,,,,,,,,,,,,,,,,,,,,,3808,,,,,,,,,,,Chicago Wildfire,2019,"Barker, Meinecke, Rehder, Swanson, Uber, Weaver, Zeman",1,3,37,2.0
229,2019-04-22 07:57,Minnesota Wind Chill,98,D,20,15,Offense,Throwaway,Weaver,Anonymous,,,Rehder,Swanson,Uber,Weaver,Barker,Zeman,Meinecke,,,,,,,,,,,,,,,,,,,,,,3816,,,,,,,,,,,Chicago Wildfire,2019,"Barker, Meinecke, Rehder, Swanson, Uber, Weaver, Zeman",1,3,37,2.0
230,2019-04-22 07:57,Minnesota Wind Chill,98,D,20,15,Defense,Goal,,,Anonymous,,Rehder,Swanson,Uber,Weaver,Barker,Zeman,Meinecke,,,,,,,,,,,,,,,,,,,,,,3861,,,,,,,,,,,Chicago Wildfire,2019,"Barker, Meinecke, Rehder, Swanson, Uber, Weaver, Zeman",1,3,37,3.0
231,2019-04-22 07:57,Minnesota Wind Chill,174,O,20,16,Offense,Catch,Tommy,Janas,,,Swanson,Sykora,Rankin,Tommy,Meinecke,Burril,Danny,Rehder,Weis,Uber,Woods,Kingma,Shanahan,,,,,,,,,,,,,,,,3874,,,,,,,,,,,Chicago Wildfire,2019,"Burril, Danny, Kingma, Meinecke, Rankin, Rehder, Shanahan, Swanson, Sykora, Tommy, Uber, Weis, Woods",1,3,38,1.0
232,2019-04-22 07:57,Minnesota Wind Chill,174,O,20,16,Offense,Catch,Janas,Rehder,,,Swanson,Sykora,Rankin,Tommy,Meinecke,Burril,Danny,Rehder,Weis,Uber,Woods,Kingma,Shanahan,,,,,,,,,,,,,,,,3883,,,,,,,,,,,Chicago Wildfire,2019,"Burril, Danny, Kingma, Meinecke, Rankin, Rehder, Shanahan, Swanson, Sykora, Tommy, Uber, Weis, Woods",1,3,38,1.0
233,2019-04-22 07:57,Minnesota Wind Chill,174,O,20,16,Offense,Throwaway,Rehder,Anonymous,,,Swanson,Sykora,Rankin,Tommy,Meinecke,Burril,Danny,Rehder,Weis,Uber,Woods,Kingma,Shanahan,,,,,,,,,,,,,,,,3891,,,,,,,,,,,Chicago Wildfire,2019,"Burril, Danny, Kingma, Meinecke, Rankin, Rehder, Shanahan, Swanson, Sykora, Tommy, Uber, Weis, Woods",1,3,38,1.0
234,2019-04-22 07:57,Minnesota Wind Chill,174,O,20,16,Defense,Goal,,,Anonymous,,Swanson,Sykora,Rankin,Tommy,Meinecke,Burril,Danny,Rehder,Weis,Uber,Woods,Kingma,Shanahan,,,,,,,,,,,,,,,,4046,,,,,,,,,,,Chicago Wildfire,2019,"Burril, Danny, Kingma, Meinecke, Rankin, Rehder, Shanahan, Swanson, Sykora, Tommy, Uber, Weis, Woods",1,3,38,2.0
235,2019-04-22 07:57,Minnesota Wind Chill,36,O,21,16,Offense,Catch,Tommy,Janas,,,Danny,Rehder,Weis,Rankin,Janas,Shanahan,Tommy,,,,,,,,,,,,,,,,,,,,,,4070,,,,,,,,,,,Chicago Wildfire,2019,"Danny, Janas, Rankin, Rehder, Shanahan, Tommy, Weis",1,3,39,1.0
236,2019-04-22 07:57,Minnesota Wind Chill,36,O,21,16,Offense,Catch,Janas,Rankin,,,Danny,Rehder,Weis,Rankin,Janas,Shanahan,Tommy,,,,,,,,,,,,,,,,,,,,,,4083,,,,,,,,,,,Chicago Wildfire,2019,"Danny, Janas, Rankin, Rehder, Shanahan, Tommy, Weis",1,3,39,1.0
237,2019-04-22 07:57,Minnesota Wind Chill,36,O,21,16,Offense,Catch,Rankin,Danny,,,Danny,Rehder,Weis,Rankin,Janas,Shanahan,Tommy,,,,,,,,,,,,,,,,,,,,,,4093,,,,,,,,,,,Chicago Wildfire,2019,"Danny, Janas, Rankin, Rehder, Shanahan, Tommy, Weis",1,3,39,1.0
238,2019-04-22 07:57,Minnesota Wind Chill,36,O,21,16,Offense,Catch,Danny,Rehder,,,Danny,Rehder,Weis,Rankin,Janas,Shanahan,Tommy,,,,,,,,,,,,,,,,,,,,,,4097,,,,,,,,,,,Chicago Wildfire,2019,"Danny, Janas, Rankin, Rehder, Shanahan, Tommy, Weis",1,3,39,1.0
239,2019-04-22 07:57,Minnesota Wind Chill,36,O,21,16,Offense,Goal,Rehder,Shanahan,,,Danny,Rehder,Weis,Rankin,Janas,Shanahan,Tommy,,,,,,,,,,,,,,,,,,,,,,4104,,,,,,,,,,,Chicago Wildfire,2019,"Danny, Janas, Rankin, Rehder, Shanahan, Tommy, Weis",1,3,39,1.0
240,2019-04-22 07:57,Minnesota Wind Chill,9,D,21,17,Defense,Pull,,,Meinecke,7.797,Swanson,Uber,Weaver,Johnson,Barker,Zeman,Meinecke,,,,,,,,,,,,,,,,,,,,,,4145,,,,,,,,,,,Chicago Wildfire,2019,"Barker, Johnson, Meinecke, Swanson, Uber, Weaver, Zeman",1,3,40,1.0
241,2019-04-22 07:57,Minnesota Wind Chill,9,D,21,17,Defense,Goal,,,Anonymous,,Swanson,Uber,Weaver,Johnson,Barker,Zeman,Meinecke,,,,,,,,,,,,,,,,,,,,,,4152,,,,,,,,,,,Chicago Wildfire,2019,"Barker, Johnson, Meinecke, Swanson, Uber, Weaver, Zeman",1,3,40,1.0
242,2019-04-22 07:57,Minnesota Wind Chill,63,O,22,17,Offense,Catch,Tommy,Janas,,,Danny,Rehder,Weis,Rankin,Janas,Shanahan,Tommy,,,,,,,,,,,,,,,,,,,,,,4158,,,,,,,,,,,Chicago Wildfire,2019,"Danny, Janas, Rankin, Rehder, Shanahan, Tommy, Weis",1,3,41,1.0
243,2019-04-22 07:57,Minnesota Wind Chill,63,O,22,17,Offense,Catch,Janas,Shanahan,,,Danny,Rehder,Weis,Rankin,Janas,Shanahan,Tommy,,,,,,,,,,,,,,,,,,,,,,4168,,,,,,,,,,,Chicago Wildfire,2019,"Danny, Janas, Rankin, Rehder, Shanahan, Tommy, Weis",1,3,41,1.0
244,2019-04-22 07:57,Minnesota Wind Chill,63,O,22,17,Offense,Catch,Shanahan,Rankin,,,Danny,Rehder,Weis,Rankin,Janas,Shanahan,Tommy,,,,,,,,,,,,,,,,,,,,,,4173,,,,,,,,,,,Chicago Wildfire,2019,"Danny, Janas, Rankin, Rehder, Shanahan, Tommy, Weis",1,3,41,1.0
245,2019-04-22 07:57,Minnesota Wind Chill,63,O,22,17,Offense,Catch,Rankin,Janas,,,Danny,Rehder,Weis,Rankin,Janas,Shanahan,Tommy,,,,,,,,,,,,,,,,,,,,,,4178,,,,,,,,,,,Chicago Wildfire,2019,"Danny, Janas, Rankin, Rehder, Shanahan, Tommy, Weis",1,3,41,1.0
246,2019-04-22 07:57,Minnesota Wind Chill,63,O,22,17,Offense,Catch,Janas,Rehder,,,Danny,Rehder,Weis,Rankin,Janas,Shanahan,Tommy,,,,,,,,,,,,,,,,,,,,,,4184,,,,,,,,,,,Chicago Wildfire,2019,"Danny, Janas, Rankin, Rehder, Shanahan, Tommy, Weis",1,3,41,1.0
247,2019-04-22 07:57,Minnesota Wind Chill,63,O,22,17,Offense,Catch,Rehder,Rankin,,,Danny,Rehder,Weis,Rankin,Janas,Shanahan,Tommy,,,,,,,,,,,,,,,,,,,,,,4188,,,,,,,,,,,Chicago Wildfire,2019,"Danny, Janas, Rankin, Rehder, Shanahan, Tommy, Weis",1,3,41,1.0
248,2019-04-22 07:57,Minnesota Wind Chill,63,O,22,17,Offense,Catch,Rankin,Shanahan,,,Danny,Rehder,Weis,Rankin,Janas,Shanahan,Tommy,,,,,,,,,,,,,,,,,,,,,,4192,,,,,,,,,,,Chicago Wildfire,2019,"Danny, Janas, Rankin, Rehder, Shanahan, Tommy, Weis",1,3,41,1.0
249,2019-04-22 07:57,Minnesota Wind Chill,63,O,22,17,Offense,Catch,Shanahan,Rehder,,,Danny,Rehder,Weis,Rankin,Janas,Shanahan,Tommy,,,,,,,,,,,,,,,,,,,,,,4195,,,,,,,,,,,Chicago Wildfire,2019,"Danny, Janas, Rankin, Rehder, Shanahan, Tommy, Weis",1,3,41,1.0
250,2019-04-22 07:57,Minnesota Wind Chill,63,O,22,17,Offense,Catch,Rehder,Tommy,,,Danny,Rehder,Weis,Rankin,Janas,Shanahan,Tommy,,,,,,,,,,,,,,,,,,,,,,4198,,,,,,,,,,,Chicago Wildfire,2019,"Danny, Janas, Rankin, Rehder, Shanahan, Tommy, Weis",1,3,41,1.0
251,2019-04-22 07:57,Minnesota Wind Chill,63,O,22,17,Offense,Goal,Tommy,Weis,,,Danny,Rehder,Weis,Rankin,Janas,Shanahan,Tommy,,,,,,,,,,,,,,,,,,,,,,4219,,,,,,,,,,,Chicago Wildfire,2019,"Danny, Janas, Rankin, Rehder, Shanahan, Tommy, Weis",1,3,41,1.0
252,2019-04-22 07:57,Minnesota Wind Chill,61,D,22,18,Defense,PullOb,,,Meinecke,,Swanson,Uber,Weaver,Johnson,Barker,Zeman,Meinecke,,,,,,,,,,,,,,,,,,,,,,4277,,,,,,,,,,,Chicago Wildfire,2019,"Barker, Johnson, Meinecke, Swanson, Uber, Weaver, Zeman",1,3,42,1.0
253,2019-04-22 07:57,Minnesota Wind Chill,61,D,22,18,Defense,Goal,,,Anonymous,,Swanson,Uber,Weaver,Johnson,Barker,Zeman,Meinecke,,,,,,,,,,,,,,,,,,,,,,4336,,,,,,,,,,,Chicago Wildfire,2019,"Barker, Johnson, Meinecke, Swanson, Uber, Weaver, Zeman",1,3,42,1.0
254,2019-04-22 07:57,Minnesota Wind Chill,104,O,22,19,Offense,Catch,Tommy,Janas,,,Danny,Rehder,Weis,Rankin,Janas,Shanahan,Tommy,,,,,,,,,,,,,,,,,,,,,,4348,,,,,,,,,,,Chicago Wildfire,2019,"Danny, Janas, Rankin, Rehder, Shanahan, Tommy, Weis",1,3,43,1.0
255,2019-04-22 07:57,Minnesota Wind Chill,104,O,22,19,Offense,Catch,Janas,Weis,,,Danny,Rehder,Weis,Rankin,Janas,Shanahan,Tommy,,,,,,,,,,,,,,,,,,,,,,4359,,,,,,,,,,,Chicago Wildfire,2019,"Danny, Janas, Rankin, Rehder, Shanahan, Tommy, Weis",1,3,43,1.0
256,2019-04-22 07:57,Minnesota Wind Chill,104,O,22,19,Offense,Catch,Weis,Janas,,,Danny,Rehder,Weis,Rankin,Janas,Shanahan,Tommy,,,,,,,,,,,,,,,,,,,,,,4362,,,,,,,,,,,Chicago Wildfire,2019,"Danny, Janas, Rankin, Rehder, Shanahan, Tommy, Weis",1,3,43,1.0
257,2019-04-22 07:57,Minnesota Wind Chill,104,O,22,19,Offense,Catch,Janas,Rehder,,,Danny,Rehder,Weis,Rankin,Janas,Shanahan,Tommy,,,,,,,,,,,,,,,,,,,,,,4366,,,,,,,,,,,Chicago Wildfire,2019,"Danny, Janas, Rankin, Rehder, Shanahan, Tommy, Weis",1,3,43,1.0
258,2019-04-22 07:57,Minnesota Wind Chill,104,O,22,19,Offense,Catch,Rehder,Weis,,,Danny,Rehder,Weis,Rankin,Janas,Shanahan,Tommy,,,,,,,,,,,,,,,,,,,,,,4370,,,,,,,,,,,Chicago Wildfire,2019,"Danny, Janas, Rankin, Rehder, Shanahan, Tommy, Weis",1,3,43,1.0
259,2019-04-22 07:57,Minnesota Wind Chill,104,O,22,19,Offense,Catch,Weis,Janas,,,Danny,Rehder,Weis,Rankin,Janas,Shanahan,Tommy,,,,,,,,,,,,,,,,,,,,,,4374,,,,,,,,,,,Chicago Wildfire,2019,"Danny, Janas, Rankin, Rehder, Shanahan, Tommy, Weis",1,3,43,1.0
260,2019-04-22 07:57,Minnesota Wind Chill,104,O,22,19,Offense,Catch,Janas,Shanahan,,,Danny,Rehder,Weis,Rankin,Janas,Shanahan,Tommy,,,,,,,,,,,,,,,,,,,,,,4378,,,,,,,,,,,Chicago Wildfire,2019,"Danny, Janas, Rankin, Rehder, Shanahan, Tommy, Weis",1,3,43,1.0
261,2019-04-22 07:57,Minnesota Wind Chill,104,O,22,19,Offense,Catch,Shanahan,Janas,,,Danny,Rehder,Weis,Rankin,Janas,Shanahan,Tommy,,,,,,,,,,,,,,,,,,,,,,4382,,,,,,,,,,,Chicago Wildfire,2019,"Danny, Janas, Rankin, Rehder, Shanahan, Tommy, Weis",1,3,43,1.0
262,2019-04-22 07:57,Minnesota Wind Chill,104,O,22,19,Offense,Catch,Janas,Weis,,,Danny,Rehder,Weis,Rankin,Janas,Shanahan,Tommy,,,,,,,,,,,,,,,,,,,,,,4386,,,,,,,,,,,Chicago Wildfire,2019,"Danny, Janas, Rankin, Rehder, Shanahan, Tommy, Weis",1,3,43,1.0
263,2019-04-22 07:57,Minnesota Wind Chill,104,O,22,19,Offense,Catch,Weis,Tommy,,,Danny,Rehder,Weis,Rankin,Janas,Shanahan,Tommy,,,,,,,,,,,,,,,,,,,,,,4390,,,,,,,,,,,Chicago Wildfire,2019,"Danny, Janas, Rankin, Rehder, Shanahan, Tommy, Weis",1,3,43,1.0
264,2019-04-22 07:57,Minnesota Wind Chill,104,O,22,19,Offense,Catch,Tommy,Weis,,,Danny,Rehder,Weis,Rankin,Janas,Shanahan,Tommy,,,,,,,,,,,,,,,,,,,,,,4394,,,,,,,,,,,Chicago Wildfire,2019,"Danny, Janas, Rankin, Rehder, Shanahan, Tommy, Weis",1,3,43,1.0
265,2019-04-22 07:57,Minnesota Wind Chill,104,O,22,19,Offense,Catch,Weis,Tommy,,,Danny,Rehder,Weis,Rankin,Janas,Shanahan,Tommy,,,,,,,,,,,,,,,,,,,,,,4398,,,,,,,,,,,Chicago Wildfire,2019,"Danny, Janas, Rankin, Rehder, Shanahan, Tommy, Weis",1,3,43,1.0
266,2019-04-22 07:57,Minnesota Wind Chill,104,O,22,19,Offense,Catch,Tommy,Weis,,,Danny,Rehder,Weis,Rankin,Janas,Shanahan,Tommy,,,,,,,,,,,,,,,,,,,,,,4402,,,,,,,,,,,Chicago Wildfire,2019,"Danny, Janas, Rankin, Rehder, Shanahan, Tommy, Weis",1,3,43,1.0
267,2019-04-22 07:57,Minnesota Wind Chill,104,O,22,19,Offense,Catch,Weis,Shanahan,,,Danny,Rehder,Weis,Rankin,Janas,Shanahan,Tommy,,,,,,,,,,,,,,,,,,,,,,4406,,,,,,,,,,,Chicago Wildfire,2019,"Danny, Janas, Rankin, Rehder, Shanahan, Tommy, Weis",1,3,43,1.0
268,2019-04-22 07:57,Minnesota Wind Chill,104,O,22,19,Offense,Catch,Shanahan,Janas,,,Danny,Rehder,Weis,Rankin,Janas,Shanahan,Tommy,,,,,,,,,,,,,,,,,,,,,,4410,,,,,,,,,,,Chicago Wildfire,2019,"Danny, Janas, Rankin, Rehder, Shanahan, Tommy, Weis",1,3,43,1.0
269,2019-04-22 07:57,Minnesota Wind Chill,104,O,22,19,Offense,Catch,Janas,Tommy,,,Danny,Rehder,Weis,Rankin,Janas,Shanahan,Tommy,,,,,,,,,,,,,,,,,,,,,,4437,,,,,,,,,,,Chicago Wildfire,2019,"Danny, Janas, Rankin, Rehder, Shanahan, Tommy, Weis",1,3,43,1.0
270,2019-04-22 07:57,Minnesota Wind Chill,104,O,22,19,Offense,Catch,Tommy,Janas,,,Danny,Rehder,Weis,Rankin,Janas,Shanahan,Tommy,,,,,,,,,,,,,,,,,,,,,,4440,,,,,,,,,,,Chicago Wildfire,2019,"Danny, Janas, Rankin, Rehder, Shanahan, Tommy, Weis",1,3,43,1.0
271,2019-04-22 07:57,Minnesota Wind Chill,104,O,22,19,Offense,Throwaway,Janas,Anonymous,,,Danny,Rehder,Weis,Rankin,Janas,Shanahan,Tommy,,,,,,,,,,,,,,,,,,,,,,4443,,,,,,,,,,,Chicago Wildfire,2019,"Danny, Janas, Rankin, Rehder, Shanahan, Tommy, Weis",1,3,43,1.0
272,2019-04-22 07:57,Minnesota Wind Chill,104,O,22,19,Defense,Goal,,,Anonymous,,Danny,Rehder,Weis,Rankin,Janas,Shanahan,Tommy,,,,,,,,,,,,,,,,,,,,,,4450,,,,,,,,,,,Chicago Wildfire,2019,"Danny, Janas, Rankin, Rehder, Shanahan, Tommy, Weis",1,3,43,2.0
273,2019-04-22 07:57,Minnesota Wind Chill,21,O,22,19,Offense,Catch,Tommy,Janas,,,Rehder,Swanson,Weaver,Rankin,Barker,Janas,Tommy,,,,,,,,,,,,,,,,,,,,,,4493,,,,,,,,,,,Chicago Wildfire,2019,"Barker, Janas, Rankin, Rehder, Swanson, Tommy, Weaver",1,3,44,1.0
274,2019-04-22 07:57,Minnesota Wind Chill,21,O,22,19,Offense,Catch,Janas,Tommy,,,Rehder,Swanson,Weaver,Rankin,Barker,Janas,Tommy,,,,,,,,,,,,,,,,,,,,,,4502,,,,,,,,,,,Chicago Wildfire,2019,"Barker, Janas, Rankin, Rehder, Swanson, Tommy, Weaver",1,3,44,1.0
275,2019-04-22 07:57,Minnesota Wind Chill,21,O,22,19,Offense,Throwaway,Tommy,Anonymous,,,Rehder,Swanson,Weaver,Rankin,Barker,Janas,Tommy,,,,,,,,,,,,,,,,,,,,,,4508,,,,,,,,,,,Chicago Wildfire,2019,"Barker, Janas, Rankin, Rehder, Swanson, Tommy, Weaver",1,3,44,1.0
276,2019-04-22 07:57,Minnesota Wind Chill,21,O,22,19,Cessation,EndOfThirdQuarter,,,,,Rehder,Swanson,Weaver,Rankin,Barker,Janas,Tommy,,,,,,,,,,,,,,,,,,,,,,4512,,,,,,,,,,,Chicago Wildfire,2019,"Barker, Janas, Rankin, Rehder, Swanson, Tommy, Weaver",1,3,44,2.0
277,2019-04-22 07:57,Minnesota Wind Chill,52,O,23,19,Offense,Catch,Tommy,Janas,,,Danny,Rehder,Weis,Rankin,Janas,Shanahan,Tommy,,,,,,,,,,,,,,,,,,,,,,4541,,,,,,,,,,,Chicago Wildfire,2019,"Danny, Janas, Rankin, Rehder, Shanahan, Tommy, Weis",1,4,45,1.0
278,2019-04-22 07:57,Minnesota Wind Chill,52,O,23,19,Offense,Catch,Janas,Rankin,,,Danny,Rehder,Weis,Rankin,Janas,Shanahan,Tommy,,,,,,,,,,,,,,,,,,,,,,4551,,,,,,,,,,,Chicago Wildfire,2019,"Danny, Janas, Rankin, Rehder, Shanahan, Tommy, Weis",1,4,45,1.0
279,2019-04-22 07:57,Minnesota Wind Chill,52,O,23,19,Offense,Catch,Rankin,Janas,,,Danny,Rehder,Weis,Rankin,Janas,Shanahan,Tommy,,,,,,,,,,,,,,,,,,,,,,4557,,,,,,,,,,,Chicago Wildfire,2019,"Danny, Janas, Rankin, Rehder, Shanahan, Tommy, Weis",1,4,45,1.0
280,2019-04-22 07:57,Minnesota Wind Chill,52,O,23,19,Offense,Catch,Janas,Rehder,,,Danny,Rehder,Weis,Rankin,Janas,Shanahan,Tommy,,,,,,,,,,,,,,,,,,,,,,4562,,,,,,,,,,,Chicago Wildfire,2019,"Danny, Janas, Rankin, Rehder, Shanahan, Tommy, Weis",1,4,45,1.0
281,2019-04-22 07:57,Minnesota Wind Chill,52,O,23,19,Offense,Catch,Rehder,Janas,,,Danny,Rehder,Weis,Rankin,Janas,Shanahan,Tommy,,,,,,,,,,,,,,,,,,,,,,4575,,,,,,,,,,,Chicago Wildfire,2019,"Danny, Janas, Rankin, Rehder, Shanahan, Tommy, Weis",1,4,45,1.0
282,2019-04-22 07:57,Minnesota Wind Chill,52,O,23,19,Offense,Catch,Janas,Rankin,,,Danny,Rehder,Weis,Rankin,Janas,Shanahan,Tommy,,,,,,,,,,,,,,,,,,,,,,4580,,,,,,,,,,,Chicago Wildfire,2019,"Danny, Janas, Rankin, Rehder, Shanahan, Tommy, Weis",1,4,45,1.0
283,2019-04-22 07:57,Minnesota Wind Chill,52,O,23,19,Offense,Catch,Rankin,Tommy,,,Danny,Rehder,Weis,Rankin,Janas,Shanahan,Tommy,,,,,,,,,,,,,,,,,,,,,,4583,,,,,,,,,,,Chicago Wildfire,2019,"Danny, Janas, Rankin, Rehder, Shanahan, Tommy, Weis",1,4,45,1.0
284,2019-04-22 07:57,Minnesota Wind Chill,52,O,23,19,Offense,Catch,Tommy,Shanahan,,,Danny,Rehder,Weis,Rankin,Janas,Shanahan,Tommy,,,,,,,,,,,,,,,,,,,,,,4587,,,,,,,,,,,Chicago Wildfire,2019,"Danny, Janas, Rankin, Rehder, Shanahan, Tommy, Weis",1,4,45,1.0
285,2019-04-22 07:57,Minnesota Wind Chill,52,O,23,19,Offense,Goal,Shanahan,Tommy,,,Danny,Rehder,Weis,Rankin,Janas,Shanahan,Tommy,,,,,,,,,,,,,,,,,,,,,,4591,,,,,,,,,,,Chicago Wildfire,2019,"Danny, Janas, Rankin, Rehder, Shanahan, Tommy, Weis",1,4,45,1.0
286,2019-04-22 07:57,Minnesota Wind Chill,7,D,23,20,Defense,Pull,,,Sykora,5.59,Burril,Uber,Johnson,Sykora,Woods,Kingma,Cal,,,,,,,,,,,,,,,,,,,,,,4639,,,,,,,,,,,Chicago Wildfire,2019,"Burril, Cal, Johnson, Kingma, Sykora, Uber, Woods",1,4,46,1.0
287,2019-04-22 07:57,Minnesota Wind Chill,7,D,23,20,Defense,Goal,,,Anonymous,,Burril,Uber,Johnson,Sykora,Woods,Kingma,Cal,,,,,,,,,,,,,,,,,,,,,,4644,,,,,,,,,,,Chicago Wildfire,2019,"Burril, Cal, Johnson, Kingma, Sykora, Uber, Woods",1,4,46,1.0
288,2019-04-22 07:57,Minnesota Wind Chill,49,O,23,21,Offense,Catch,Tommy,Janas,,,Danny,Rehder,Weis,Rankin,Janas,Shanahan,Tommy,,,,,,,,,,,,,,,,,,,,,,4659,,,,,,,,,,,Chicago Wildfire,2019,"Danny, Janas, Rankin, Rehder, Shanahan, Tommy, Weis",1,4,47,1.0
289,2019-04-22 07:57,Minnesota Wind Chill,49,O,23,21,Offense,Catch,Janas,Tommy,,,Danny,Rehder,Weis,Rankin,Janas,Shanahan,Tommy,,,,,,,,,,,,,,,,,,,,,,4669,,,,,,,,,,,Chicago Wildfire,2019,"Danny, Janas, Rankin, Rehder, Shanahan, Tommy, Weis",1,4,47,1.0
290,2019-04-22 07:57,Minnesota Wind Chill,49,O,23,21,Offense,Catch,Tommy,Shanahan,,,Danny,Rehder,Weis,Rankin,Janas,Shanahan,Tommy,,,,,,,,,,,,,,,,,,,,,,4672,,,,,,,,,,,Chicago Wildfire,2019,"Danny, Janas, Rankin, Rehder, Shanahan, Tommy, Weis",1,4,47,1.0
291,2019-04-22 07:57,Minnesota Wind Chill,49,O,23,21,Offense,Catch,Shanahan,Danny,,,Danny,Rehder,Weis,Rankin,Janas,Shanahan,Tommy,,,,,,,,,,,,,,,,,,,,,,4675,,,,,,,,,,,Chicago Wildfire,2019,"Danny, Janas, Rankin, Rehder, Shanahan, Tommy, Weis",1,4,47,1.0
292,2019-04-22 07:57,Minnesota Wind Chill,49,O,23,21,Offense,Catch,Danny,Rankin,,,Danny,Rehder,Weis,Rankin,Janas,Shanahan,Tommy,,,,,,,,,,,,,,,,,,,,,,4680,,,,,,,,,,,Chicago Wildfire,2019,"Danny, Janas, Rankin, Rehder, Shanahan, Tommy, Weis",1,4,47,1.0
293,2019-04-22 07:57,Minnesota Wind Chill,49,O,23,21,Offense,Throwaway,Rankin,Anonymous,,,Danny,Rehder,Weis,Rankin,Janas,Shanahan,Tommy,,,,,,,,,,,,,,,,,,,,,,4684,,,,,,,,,,,Chicago Wildfire,2019,"Danny, Janas, Rankin, Rehder, Shanahan, Tommy, Weis",1,4,47,1.0
294,2019-04-22 07:57,Minnesota Wind Chill,49,O,23,21,Defense,Goal,,,Anonymous,,Danny,Rehder,Weis,Rankin,Janas,Shanahan,Tommy,,,,,,,,,,,,,,,,,,,,,,4706,,,,,,,,,,,Chicago Wildfire,2019,"Danny, Janas, Rankin, Rehder, Shanahan, Tommy, Weis",1,4,47,2.0
295,2019-04-22 07:57,Minnesota Wind Chill,52,O,23,22,Offense,Catch,Tommy,Janas,,,Danny,Rehder,Weis,Rankin,Janas,Shanahan,Tommy,,,,,,,,,,,,,,,,,,,,,,4728,,,,,,,,,,,Chicago Wildfire,2019,"Danny, Janas, Rankin, Rehder, Shanahan, Tommy, Weis",1,4,48,1.0
296,2019-04-22 07:57,Minnesota Wind Chill,52,O,23,22,Offense,Catch,Janas,Rankin,,,Danny,Rehder,Weis,Rankin,Janas,Shanahan,Tommy,,,,,,,,,,,,,,,,,,,,,,4739,,,,,,,,,,,Chicago Wildfire,2019,"Danny, Janas, Rankin, Rehder, Shanahan, Tommy, Weis",1,4,48,1.0
297,2019-04-22 07:57,Minnesota Wind Chill,52,O,23,22,Offense,Catch,Rankin,Weis,,,Danny,Rehder,Weis,Rankin,Janas,Shanahan,Tommy,,,,,,,,,,,,,,,,,,,,,,4742,,,,,,,,,,,Chicago Wildfire,2019,"Danny, Janas, Rankin, Rehder, Shanahan, Tommy, Weis",1,4,48,1.0
298,2019-04-22 07:57,Minnesota Wind Chill,52,O,23,22,Offense,Catch,Weis,Rehder,,,Danny,Rehder,Weis,Rankin,Janas,Shanahan,Tommy,,,,,,,,,,,,,,,,,,,,,,4746,,,,,,,,,,,Chicago Wildfire,2019,"Danny, Janas, Rankin, Rehder, Shanahan, Tommy, Weis",1,4,48,1.0
299,2019-04-22 07:57,Minnesota Wind Chill,52,O,23,22,Offense,Catch,Rehder,Janas,,,Danny,Rehder,Weis,Rankin,Janas,Shanahan,Tommy,,,,,,,,,,,,,,,,,,,,,,4750,,,,,,,,,,,Chicago Wildfire,2019,"Danny, Janas, Rankin, Rehder, Shanahan, Tommy, Weis",1,4,48,1.0
300,2019-04-22 07:57,Minnesota Wind Chill,52,O,23,22,Offense,Catch,Janas,Weis,,,Danny,Rehder,Weis,Rankin,Janas,Shanahan,Tommy,,,,,,,,,,,,,,,,,,,,,,4754,,,,,,,,,,,Chicago Wildfire,2019,"Danny, Janas, Rankin, Rehder, Shanahan, Tommy, Weis",1,4,48,1.0
301,2019-04-22 07:57,Minnesota Wind Chill,52,O,23,22,Offense,Catch,Weis,Janas,,,Danny,Rehder,Weis,Rankin,Janas,Shanahan,Tommy,,,,,,,,,,,,,,,,,,,,,,4757,,,,,,,,,,,Chicago Wildfire,2019,"Danny, Janas, Rankin, Rehder, Shanahan, Tommy, Weis",1,4,48,1.0
302,2019-04-22 07:57,Minnesota Wind Chill,52,O,23,22,Offense,Catch,Janas,Weis,,,Danny,Rehder,Weis,Rankin,Janas,Shanahan,Tommy,,,,,,,,,,,,,,,,,,,,,,4761,,,,,,,,,,,Chicago Wildfire,2019,"Danny, Janas, Rankin, Rehder, Shanahan, Tommy, Weis",1,4,48,1.0
303,2019-04-22 07:57,Minnesota Wind Chill,52,O,23,22,Offense,Catch,Weis,Danny,,,Danny,Rehder,Weis,Rankin,Janas,Shanahan,Tommy,,,,,,,,,,,,,,,,,,,,,,4765,,,,,,,,,,,Chicago Wildfire,2019,"Danny, Janas, Rankin, Rehder, Shanahan, Tommy, Weis",1,4,48,1.0
304,2019-04-22 07:57,Minnesota Wind Chill,52,O,23,22,Offense,Throwaway,Danny,Anonymous,,,Danny,Rehder,Weis,Rankin,Janas,Shanahan,Tommy,,,,,,,,,,,,,,,,,,,,,,4769,,,,,,,,,,,Chicago Wildfire,2019,"Danny, Janas, Rankin, Rehder, Shanahan, Tommy, Weis",1,4,48,1.0
305,2019-04-22 07:57,Minnesota Wind Chill,52,O,23,22,Defense,Goal,,,Anonymous,,Danny,Rehder,Weis,Rankin,Janas,Shanahan,Tommy,,,,,,,,,,,,,,,,,,,,,,4778,,,,,,,,,,,Chicago Wildfire,2019,"Danny, Janas, Rankin, Rehder, Shanahan, Tommy, Weis",1,4,48,2.0
306,2019-04-22 07:57,Minnesota Wind Chill,15,O,24,22,Offense,Catch,Tommy,Janas,,,Rehder,Weis,Weaver,Barker,Janas,Tommy,Meinecke,,,,,,,,,,,,,,,,,,,,,,4857,,,,,,,,,,,Chicago Wildfire,2019,"Barker, Janas, Meinecke, Rehder, Tommy, Weaver, Weis",1,4,49,1.0
307,2019-04-22 07:57,Minnesota Wind Chill,15,O,24,22,Offense,Catch,Janas,Weaver,,,Rehder,Weis,Weaver,Barker,Janas,Tommy,Meinecke,,,,,,,,,,,,,,,,,,,,,,4867,,,,,,,,,,,Chicago Wildfire,2019,"Barker, Janas, Meinecke, Rehder, Tommy, Weaver, Weis",1,4,49,1.0
308,2019-04-22 07:57,Minnesota Wind Chill,15,O,24,22,Offense,Goal,Weaver,Barker,,,Rehder,Weis,Weaver,Barker,Janas,Tommy,Meinecke,,,,,,,,,,,,,,,,,,,,,,4870,,,,,,,,,,,Chicago Wildfire,2019,"Barker, Janas, Meinecke, Rehder, Tommy, Weaver, Weis",1,4,49,1.0
309,2019-04-22 07:57,Minnesota Wind Chill,11,D,24,23,Defense,PullOb,,,Sykora,,Burril,Swanson,Uber,Sykora,Woods,Kingma,Meinecke,,,,,,,,,,,,,,,,,,,,,,4919,,,,,,,,,,,Chicago Wildfire,2019,"Burril, Kingma, Meinecke, Swanson, Sykora, Uber, Woods",1,4,50,1.0
310,2019-04-22 07:57,Minnesota Wind Chill,11,D,24,23,Defense,Goal,,,Anonymous,,Burril,Swanson,Uber,Sykora,Woods,Kingma,Meinecke,,,,,,,,,,,,,,,,,,,,,,4928,,,,,,,,,,,Chicago Wildfire,2019,"Burril, Kingma, Meinecke, Swanson, Sykora, Uber, Woods",1,4,50,1.0
311,2019-04-22 07:57,Minnesota Wind Chill,582,O,25,23,Offense,Catch,Tommy,Janas,,,Swanson,Weaver,Rankin,Barker,Janas,Zeman,Tommy,Meinecke,Danny,Rehder,Weis,Uber,Shanahan,,,,,,,,,,,,,,,,4954,,,,,,,,,,,Chicago Wildfire,2019,"Barker, Danny, Janas, Meinecke, Rankin, Rehder, Shanahan, Swanson, Tommy, Uber, Weaver, Weis, Zeman",1,4,51,1.0
312,2019-04-22 07:57,Minnesota Wind Chill,582,O,25,23,Offense,Catch,Janas,Tommy,,,Swanson,Weaver,Rankin,Barker,Janas,Zeman,Tommy,Meinecke,Danny,Rehder,Weis,Uber,Shanahan,,,,,,,,,,,,,,,,4964,,,,,,,,,,,Chicago Wildfire,2019,"Barker, Danny, Janas, Meinecke, Rankin, Rehder, Shanahan, Swanson, Tommy, Uber, Weaver, Weis, Zeman",1,4,51,1.0
313,2019-04-22 07:57,Minnesota Wind Chill,582,O,25,23,Offense,Catch,Tommy,Rehder,,,Swanson,Weaver,Rankin,Barker,Janas,Zeman,Tommy,Meinecke,Danny,Rehder,Weis,Uber,Shanahan,,,,,,,,,,,,,,,,4968,,,,,,,,,,,Chicago Wildfire,2019,"Barker, Danny, Janas, Meinecke, Rankin, Rehder, Shanahan, Swanson, Tommy, Uber, Weaver, Weis, Zeman",1,4,51,1.0
314,2019-04-22 07:57,Minnesota Wind Chill,582,O,25,23,Offense,Catch,Rehder,Weis,,,Swanson,Weaver,Rankin,Barker,Janas,Zeman,Tommy,Meinecke,Danny,Rehder,Weis,Uber,Shanahan,,,,,,,,,,,,,,,,4975,,,,,,,,,,,Chicago Wildfire,2019,"Barker, Danny, Janas, Meinecke, Rankin, Rehder, Shanahan, Swanson, Tommy, Uber, Weaver, Weis, Zeman",1,4,51,1.0
315,2019-04-22 07:57,Minnesota Wind Chill,582,O,25,23,Offense,Catch,Weis,Rehder,,,Swanson,Weaver,Rankin,Barker,Janas,Zeman,Tommy,Meinecke,Danny,Rehder,Weis,Uber,Shanahan,,,,,,,,,,,,,,,,4979,,,,,,,,,,,Chicago Wildfire,2019,"Barker, Danny, Janas, Meinecke, Rankin, Rehder, Shanahan, Swanson, Tommy, Uber, Weaver, Weis, Zeman",1,4,51,1.0
316,2019-04-22 07:57,Minnesota Wind Chill,582,O,25,23,Offense,Catch,Rehder,Janas,,,Swanson,Weaver,Rankin,Barker,Janas,Zeman,Tommy,Meinecke,Danny,Rehder,Weis,Uber,Shanahan,,,,,,,,,,,,,,,,4984,,,,,,,,,,,Chicago Wildfire,2019,"Barker, Danny, Janas, Meinecke, Rankin, Rehder, Shanahan, Swanson, Tommy, Uber, Weaver, Weis, Zeman",1,4,51,1.0
317,2019-04-22 07:57,Minnesota Wind Chill,582,O,25,23,Offense,Catch,Janas,Weis,,,Swanson,Weaver,Rankin,Barker,Janas,Zeman,Tommy,Meinecke,Danny,Rehder,Weis,Uber,Shanahan,,,,,,,,,,,,,,,,4990,,,,,,,,,,,Chicago Wildfire,2019,"Barker, Danny, Janas, Meinecke, Rankin, Rehder, Shanahan, Swanson, Tommy, Uber, Weaver, Weis, Zeman",1,4,51,1.0
318,2019-04-22 07:57,Minnesota Wind Chill,582,O,25,23,Offense,Catch,Weis,Rehder,,,Swanson,Weaver,Rankin,Barker,Janas,Zeman,Tommy,Meinecke,Danny,Rehder,Weis,Uber,Shanahan,,,,,,,,,,,,,,,,4993,,,,,,,,,,,Chicago Wildfire,2019,"Barker, Danny, Janas, Meinecke, Rankin, Rehder, Shanahan, Swanson, Tommy, Uber, Weaver, Weis, Zeman",1,4,51,1.0
319,2019-04-22 07:57,Minnesota Wind Chill,582,O,25,23,Offense,Catch,Rehder,Shanahan,,,Swanson,Weaver,Rankin,Barker,Janas,Zeman,Tommy,Meinecke,Danny,Rehder,Weis,Uber,Shanahan,,,,,,,,,,,,,,,,4997,,,,,,,,,,,Chicago Wildfire,2019,"Barker, Danny, Janas, Meinecke, Rankin, Rehder, Shanahan, Swanson, Tommy, Uber, Weaver, Weis, Zeman",1,4,51,1.0
320,2019-04-22 07:57,Minnesota Wind Chill,582,O,25,23,Offense,Throwaway,Shanahan,Anonymous,,,Swanson,Weaver,Rankin,Barker,Janas,Zeman,Tommy,Meinecke,Danny,Rehder,Weis,Uber,Shanahan,,,,,,,,,,,,,,,,5005,,,,,,,,,,,Chicago Wildfire,2019,"Barker, Danny, Janas, Meinecke, Rankin, Rehder, Shanahan, Swanson, Tommy, Uber, Weaver, Weis, Zeman",1,4,51,1.0
321,2019-04-22 07:57,Minnesota Wind Chill,582,O,25,23,Defense,D,,,Rankin,,Swanson,Weaver,Rankin,Barker,Janas,Zeman,Tommy,Meinecke,Danny,Rehder,Weis,Uber,Shanahan,,,,,,,,,,,,,,,,5020,,,,,,,,,,,Chicago Wildfire,2019,"Barker, Danny, Janas, Meinecke, Rankin, Rehder, Shanahan, Swanson, Tommy, Uber, Weaver, Weis, Zeman",1,4,51,2.0
322,2019-04-22 07:57,Minnesota Wind Chill,582,O,25,23,Offense,Catch,Rankin,Rehder,,,Swanson,Weaver,Rankin,Barker,Janas,Zeman,Tommy,Meinecke,Danny,Rehder,Weis,Uber,Shanahan,,,,,,,,,,,,,,,,5028,,,,,,,,,,,Chicago Wildfire,2019,"Barker, Danny, Janas, Meinecke, Rankin, Rehder, Shanahan, Swanson, Tommy, Uber, Weaver, Weis, Zeman",1,4,51,3.0
323,2019-04-22 07:57,Minnesota Wind Chill,582,O,25,23,Offense,Catch,Rehder,Janas,,,Swanson,Weaver,Rankin,Barker,Janas,Zeman,Tommy,Meinecke,Danny,Rehder,Weis,Uber,Shanahan,,,,,,,,,,,,,,,,5031,,,,,,,,,,,Chicago Wildfire,2019,"Barker, Danny, Janas, Meinecke, Rankin, Rehder, Shanahan, Swanson, Tommy, Uber, Weaver, Weis, Zeman",1,4,51,3.0
324,2019-04-22 07:57,Minnesota Wind Chill,582,O,25,23,Offense,Catch,Janas,Weis,,,Swanson,Weaver,Rankin,Barker,Janas,Zeman,Tommy,Meinecke,Danny,Rehder,Weis,Uber,Shanahan,,,,,,,,,,,,,,,,5050,,,,,,,,,,,Chicago Wildfire,2019,"Barker, Danny, Janas, Meinecke, Rankin, Rehder, Shanahan, Swanson, Tommy, Uber, Weaver, Weis, Zeman",1,4,51,3.0
325,2019-04-22 07:57,Minnesota Wind Chill,582,O,25,23,Offense,Catch,Weis,Janas,,,Swanson,Weaver,Rankin,Barker,Janas,Zeman,Tommy,Meinecke,Danny,Rehder,Weis,Uber,Shanahan,,,,,,,,,,,,,,,,5053,,,,,,,,,,,Chicago Wildfire,2019,"Barker, Danny, Janas, Meinecke, Rankin, Rehder, Shanahan, Swanson, Tommy, Uber, Weaver, Weis, Zeman",1,4,51,3.0
326,2019-04-22 07:57,Minnesota Wind Chill,582,O,25,23,Offense,Catch,Janas,Tommy,,,Swanson,Weaver,Rankin,Barker,Janas,Zeman,Tommy,Meinecke,Danny,Rehder,Weis,Uber,Shanahan,,,,,,,,,,,,,,,,5057,,,,,,,,,,,Chicago Wildfire,2019,"Barker, Danny, Janas, Meinecke, Rankin, Rehder, Shanahan, Swanson, Tommy, Uber, Weaver, Weis, Zeman",1,4,51,3.0
327,2019-04-22 07:57,Minnesota Wind Chill,582,O,25,23,Offense,Catch,Tommy,Rankin,,,Swanson,Weaver,Rankin,Barker,Janas,Zeman,Tommy,Meinecke,Danny,Rehder,Weis,Uber,Shanahan,,,,,,,,,,,,,,,,5061,,,,,,,,,,,Chicago Wildfire,2019,"Barker, Danny, Janas, Meinecke, Rankin, Rehder, Shanahan, Swanson, Tommy, Uber, Weaver, Weis, Zeman",1,4,51,3.0
328,2019-04-22 07:57,Minnesota Wind Chill,582,O,25,23,Offense,Throwaway,Rankin,Anonymous,,,Swanson,Weaver,Rankin,Barker,Janas,Zeman,Tommy,Meinecke,Danny,Rehder,Weis,Uber,Shanahan,,,,,,,,,,,,,,,,5065,,,,,,,,,,,Chicago Wildfire,2019,"Barker, Danny, Janas, Meinecke, Rankin, Rehder, Shanahan, Swanson, Tommy, Uber, Weaver, Weis, Zeman",1,4,51,3.0
329,2019-04-22 07:57,Minnesota Wind Chill,582,O,25,23,Defense,Throwaway,,,Anonymous,,Swanson,Weaver,Rankin,Barker,Janas,Zeman,Tommy,Meinecke,Danny,Rehder,Weis,Uber,Shanahan,,,,,,,,,,,,,,,,5432,,,,,,,,,,,Chicago Wildfire,2019,"Barker, Danny, Janas, Meinecke, Rankin, Rehder, Shanahan, Swanson, Tommy, Uber, Weaver, Weis, Zeman",1,4,51,4.0
330,2019-04-22 07:57,Minnesota Wind Chill,582,O,25,23,Offense,Catch,Janas,Weis,,,Swanson,Weaver,Rankin,Barker,Janas,Zeman,Tommy,Meinecke,Danny,Rehder,Weis,Uber,Shanahan,,,,,,,,,,,,,,,,5523,,,,,,,,,,,Chicago Wildfire,2019,"Barker, Danny, Janas, Meinecke, Rankin, Rehder, Shanahan, Swanson, Tommy, Uber, Weaver, Weis, Zeman",1,4,51,5.0
331,2019-04-22 07:57,Minnesota Wind Chill,582,O,25,23,Offense,Goal,Weis,Barker,,,Swanson,Weaver,Rankin,Barker,Janas,Zeman,Tommy,Meinecke,Danny,Rehder,Weis,Uber,Shanahan,,,,,,,,,,,,,,,,5534,,,,,,,,,,,Chicago Wildfire,2019,"Barker, Danny, Janas, Meinecke, Rankin, Rehder, Shanahan, Swanson, Tommy, Uber, Weaver, Weis, Zeman",1,4,51,5.0
332,2019-04-22 07:57,Minnesota Wind Chill,8,D,25,24,Defense,Pull,,,Meinecke,5.195,Swanson,Weis,Uber,Weaver,Barker,Zeman,Meinecke,,,,,,,,,,,,,,,,,,,,,,5583,,,,,,,,,,,Chicago Wildfire,2019,"Barker, Meinecke, Swanson, Uber, Weaver, Weis, Zeman",1,4,52,1.0
333,2019-04-22 07:57,Minnesota Wind Chill,8,D,25,24,Defense,Goal,,,Anonymous,,Swanson,Weis,Uber,Weaver,Barker,Zeman,Meinecke,,,,,,,,,,,,,,,,,,,,,,5589,,,,,,,,,,,Chicago Wildfire,2019,"Barker, Meinecke, Swanson, Uber, Weaver, Weis, Zeman",1,4,52,1.0
334,2019-04-22 07:57,Minnesota Wind Chill,119,O,25,25,Offense,Catch,Tommy,Janas,,,Danny,Rehder,Weis,Rankin,Janas,Shanahan,Tommy,,,,,,,,,,,,,,,,,,,,,,5612,,,,,,,,,,,Chicago Wildfire,2019,"Danny, Janas, Rankin, Rehder, Shanahan, Tommy, Weis",1,4,53,1.0
335,2019-04-22 07:57,Minnesota Wind Chill,119,O,25,25,Offense,Catch,Janas,Rehder,,,Danny,Rehder,Weis,Rankin,Janas,Shanahan,Tommy,,,,,,,,,,,,,,,,,,,,,,5625,,,,,,,,,,,Chicago Wildfire,2019,"Danny, Janas, Rankin, Rehder, Shanahan, Tommy, Weis",1,4,53,1.0
336,2019-04-22 07:57,Minnesota Wind Chill,119,O,25,25,Offense,Catch,Rehder,Tommy,,,Danny,Rehder,Weis,Rankin,Janas,Shanahan,Tommy,,,,,,,,,,,,,,,,,,,,,,5629,,,,,,,,,,,Chicago Wildfire,2019,"Danny, Janas, Rankin, Rehder, Shanahan, Tommy, Weis",1,4,53,1.0
337,2019-04-22 07:57,Minnesota Wind Chill,119,O,25,25,Offense,Catch,Tommy,Weis,,,Danny,Rehder,Weis,Rankin,Janas,Shanahan,Tommy,,,,,,,,,,,,,,,,,,,,,,5633,,,,,,,,,,,Chicago Wildfire,2019,"Danny, Janas, Rankin, Rehder, Shanahan, Tommy, Weis",1,4,53,1.0
338,2019-04-22 07:57,Minnesota Wind Chill,119,O,25,25,Offense,Catch,Weis,Tommy,,,Danny,Rehder,Weis,Rankin,Janas,Shanahan,Tommy,,,,,,,,,,,,,,,,,,,,,,5636,,,,,,,,,,,Chicago Wildfire,2019,"Danny, Janas, Rankin, Rehder, Shanahan, Tommy, Weis",1,4,53,1.0
339,2019-04-22 07:57,Minnesota Wind Chill,119,O,25,25,Offense,Catch,Tommy,Weis,,,Danny,Rehder,Weis,Rankin,Janas,Shanahan,Tommy,,,,,,,,,,,,,,,,,,,,,,5643,,,,,,,,,,,Chicago Wildfire,2019,"Danny, Janas, Rankin, Rehder, Shanahan, Tommy, Weis",1,4,53,1.0
340,2019-04-22 07:57,Minnesota Wind Chill,119,O,25,25,Offense,Catch,Weis,Janas,,,Danny,Rehder,Weis,Rankin,Janas,Shanahan,Tommy,,,,,,,,,,,,,,,,,,,,,,5647,,,,,,,,,,,Chicago Wildfire,2019,"Danny, Janas, Rankin, Rehder, Shanahan, Tommy, Weis",1,4,53,1.0
341,2019-04-22 07:57,Minnesota Wind Chill,119,O,25,25,Offense,Catch,Janas,Weis,,,Danny,Rehder,Weis,Rankin,Janas,Shanahan,Tommy,,,,,,,,,,,,,,,,,,,,,,5651,,,,,,,,,,,Chicago Wildfire,2019,"Danny, Janas, Rankin, Rehder, Shanahan, Tommy, Weis",1,4,53,1.0
342,2019-04-22 07:57,Minnesota Wind Chill,119,O,25,25,Offense,Catch,Weis,Danny,,,Danny,Rehder,Weis,Rankin,Janas,Shanahan,Tommy,,,,,,,,,,,,,,,,,,,,,,5655,,,,,,,,,,,Chicago Wildfire,2019,"Danny, Janas, Rankin, Rehder, Shanahan, Tommy, Weis",1,4,53,1.0
343,2019-04-22 07:57,Minnesota Wind Chill,119,O,25,25,Offense,Catch,Danny,Rehder,,,Danny,Rehder,Weis,Rankin,Janas,Shanahan,Tommy,,,,,,,,,,,,,,,,,,,,,,5659,,,,,,,,,,,Chicago Wildfire,2019,"Danny, Janas, Rankin, Rehder, Shanahan, Tommy, Weis",1,4,53,1.0
344,2019-04-22 07:57,Minnesota Wind Chill,119,O,25,25,Offense,Catch,Rehder,Weis,,,Danny,Rehder,Weis,Rankin,Janas,Shanahan,Tommy,,,,,,,,,,,,,,,,,,,,,,5663,,,,,,,,,,,Chicago Wildfire,2019,"Danny, Janas, Rankin, Rehder, Shanahan, Tommy, Weis",1,4,53,1.0
345,2019-04-22 07:57,Minnesota Wind Chill,119,O,25,25,Offense,Catch,Weis,Janas,,,Danny,Rehder,Weis,Rankin,Janas,Shanahan,Tommy,,,,,,,,,,,,,,,,,,,,,,5666,,,,,,,,,,,Chicago Wildfire,2019,"Danny, Janas, Rankin, Rehder, Shanahan, Tommy, Weis",1,4,53,1.0
346,2019-04-22 07:57,Minnesota Wind Chill,119,O,25,25,Offense,Catch,Janas,Weis,,,Danny,Rehder,Weis,Rankin,Janas,Shanahan,Tommy,,,,,,,,,,,,,,,,,,,,,,5680,,,,,,,,,,,Chicago Wildfire,2019,"Danny, Janas, Rankin, Rehder, Shanahan, Tommy, Weis",1,4,53,1.0
347,2019-04-22 07:57,Minnesota Wind Chill,119,O,25,25,Offense,Catch,Weis,Janas,,,Danny,Rehder,Weis,Rankin,Janas,Shanahan,Tommy,,,,,,,,,,,,,,,,,,,,,,5685,,,,,,,,,,,Chicago Wildfire,2019,"Danny, Janas, Rankin, Rehder, Shanahan, Tommy, Weis",1,4,53,1.0
348,2019-04-22 07:57,Minnesota Wind Chill,119,O,25,25,Offense,Catch,Janas,Weis,,,Danny,Rehder,Weis,Rankin,Janas,Shanahan,Tommy,,,,,,,,,,,,,,,,,,,,,,5688,,,,,,,,,,,Chicago Wildfire,2019,"Danny, Janas, Rankin, Rehder, Shanahan, Tommy, Weis",1,4,53,1.0
349,2019-04-22 07:57,Minnesota Wind Chill,119,O,25,25,Offense,Catch,Weis,Shanahan,,,Danny,Rehder,Weis,Rankin,Janas,Shanahan,Tommy,,,,,,,,,,,,,,,,,,,,,,5693,,,,,,,,,,,Chicago Wildfire,2019,"Danny, Janas, Rankin, Rehder, Shanahan, Tommy, Weis",1,4,53,1.0
350,2019-04-22 07:57,Minnesota Wind Chill,119,O,25,25,Offense,Catch,Shanahan,Rehder,,,Danny,Rehder,Weis,Rankin,Janas,Shanahan,Tommy,,,,,,,,,,,,,,,,,,,,,,5697,,,,,,,,,,,Chicago Wildfire,2019,"Danny, Janas, Rankin, Rehder, Shanahan, Tommy, Weis",1,4,53,1.0
351,2019-04-22 07:57,Minnesota Wind Chill,119,O,25,25,Offense,Catch,Rehder,Rankin,,,Danny,Rehder,Weis,Rankin,Janas,Shanahan,Tommy,,,,,,,,,,,,,,,,,,,,,,5701,,,,,,,,,,,Chicago Wildfire,2019,"Danny, Janas, Rankin, Rehder, Shanahan, Tommy, Weis",1,4,53,1.0
352,2019-04-22 07:57,Minnesota Wind Chill,119,O,25,25,Offense,Catch,Rankin,Rehder,,,Danny,Rehder,Weis,Rankin,Janas,Shanahan,Tommy,,,,,,,,,,,,,,,,,,,,,,5705,,,,,,,,,,,Chicago Wildfire,2019,"Danny, Janas, Rankin, Rehder, Shanahan, Tommy, Weis",1,4,53,1.0
353,2019-04-22 07:57,Minnesota Wind Chill,119,O,25,25,Offense,Throwaway,Rehder,Anonymous,,,Danny,Rehder,Weis,Rankin,Janas,Shanahan,Tommy,,,,,,,,,,,,,,,,,,,,,,5711,,,,,,,,,,,Chicago Wildfire,2019,"Danny, Janas, Rankin, Rehder, Shanahan, Tommy, Weis",1,4,53,1.0
354,2019-04-22 07:57,Minnesota Wind Chill,119,O,25,25,Defense,Goal,,,Anonymous,,Danny,Rehder,Weis,Rankin,Janas,Shanahan,Tommy,,,,,,,,,,,,,,,,,,,,,,5729,,,,,,,,,,,Chicago Wildfire,2019,"Danny, Janas, Rankin, Rehder, Shanahan, Tommy, Weis",1,4,53,2.0
355,2019-04-22 07:57,Minnesota Wind Chill,34,O,26,25,Offense,Catch,Tommy,Janas,,,Rehder,Weaver,Rankin,Barker,Janas,Shanahan,Tommy,,,,,,,,,,,,,,,,,,,,,,5758,,,,,,,,,,,Chicago Wildfire,2019,"Barker, Janas, Rankin, Rehder, Shanahan, Tommy, Weaver",1,4,54,1.0
356,2019-04-22 07:57,Minnesota Wind Chill,34,O,26,25,Offense,Catch,Janas,Weaver,,,Rehder,Weaver,Rankin,Barker,Janas,Shanahan,Tommy,,,,,,,,,,,,,,,,,,,,,,5769,,,,,,,,,,,Chicago Wildfire,2019,"Barker, Janas, Rankin, Rehder, Shanahan, Tommy, Weaver",1,4,54,1.0
357,2019-04-22 07:57,Minnesota Wind Chill,34,O,26,25,Offense,Catch,Weaver,Rehder,,,Rehder,Weaver,Rankin,Barker,Janas,Shanahan,Tommy,,,,,,,,,,,,,,,,,,,,,,5773,,,,,,,,,,,Chicago Wildfire,2019,"Barker, Janas, Rankin, Rehder, Shanahan, Tommy, Weaver",1,4,54,1.0
358,2019-04-22 07:57,Minnesota Wind Chill,34,O,26,25,Offense,Catch,Rehder,Janas,,,Rehder,Weaver,Rankin,Barker,Janas,Shanahan,Tommy,,,,,,,,,,,,,,,,,,,,,,5787,,,,,,,,,,,Chicago Wildfire,2019,"Barker, Janas, Rankin, Rehder, Shanahan, Tommy, Weaver",1,4,54,1.0
359,2019-04-22 07:57,Minnesota Wind Chill,34,O,26,25,Offense,Goal,Janas,Weaver,,,Rehder,Weaver,Rankin,Barker,Janas,Shanahan,Tommy,,,,,,,,,,,,,,,,,,,,,,5790,,,,,,,,,,,Chicago Wildfire,2019,"Barker, Janas, Rankin, Rehder, Shanahan, Tommy, Weaver",1,4,54,1.0
360,2019-04-22 07:57,Minnesota Wind Chill,93,D,26,25,Defense,Pull,,,Janas,7.364,Rehder,Swanson,Weis,Weaver,Barker,Janas,Zeman,,,,,,,,,,,,,,,,,,,,,,5866,,,,,,,,,,,Chicago Wildfire,2019,"Barker, Janas, Rehder, Swanson, Weaver, Weis, Zeman",1,4,55,1.0
361,2019-04-22 07:57,Minnesota Wind Chill,93,D,26,25,Defense,D,,,Swanson,,Rehder,Swanson,Weis,Weaver,Barker,Janas,Zeman,,,,,,,,,,,,,,,,,,,,,,5900,,,,,,,,,,,Chicago Wildfire,2019,"Barker, Janas, Rehder, Swanson, Weaver, Weis, Zeman",1,4,55,1.0
362,2019-04-22 07:57,Minnesota Wind Chill,93,D,26,25,Offense,Catch,Janas,Zeman,,,Rehder,Swanson,Weis,Weaver,Barker,Janas,Zeman,,,,,,,,,,,,,,,,,,,,,,5929,,,,,,,,,,,Chicago Wildfire,2019,"Barker, Janas, Rehder, Swanson, Weaver, Weis, Zeman",1,4,55,2.0
363,2019-04-22 07:57,Minnesota Wind Chill,93,D,26,25,Cessation,GameOver,,,,,Rehder,Swanson,Weis,Weaver,Barker,Janas,Zeman,,,,,,,,,,,,,,,,,,,,,,5929,,,,,,,,,,,Chicago Wildfire,2019,"Barker, Janas, Rehder, Swanson, Weaver, Weis, Zeman",1,4,55,2.0
