,Actives,Team,Week,Year
0,Sam Batson; Sun Choi; Karl Ekwurtzel; Brett Hulsmeyer; Elijah Jaime; Matthew Knowles; Paul Lally**; Will Lindquist**; Mac McClellan; Taylor Minch; Javier Ortiz; Player Pierce**; Devon Rogers; Matt Smith; Trenton Spinks; Austin Taylor; Alex Trautman; Josh Turner; Kelvin Williams; Joel Wooten,Atlanta Hustle,1,2019
1,Matthew Bennett; Michael Cramer; Chase Cunningham; Brandon Dial; Brian Gfroerer; Kyle Henke; Jason Holleran; Carter Hollo; Robert Lewis; Jeff Loskorn; Wuensch Mason; Michael Matthis; Rory Orloff; Ryan Purcell; Doug Richardson; Andrew Walch; John Walter; Jerrod Wolfe; Joshua Zdrodowski; Jimmy Zuraw,Austin Sol,1,2019
2,Matthew Armour; Noah Chambers; Joel Clutton; Abe Coffin; Dan Emmons; Jay Froude; Henry Furuta; Dillon Larberg; Ben Lewis; Brandon Malecek; Zach Marbach; Kai Marshall; Kaplan Maurer; Griffin Miller; Connor Olson; Stephen Poulos; Jake Reinhardt; Thomas Slack; Dalton Smith; Carson Wilder,Dallas Roughnecks,1,2019
3,Tyler Bacon; Tim Beatty; Kyle Conniff; Alex Drum; Collin Gall; Joc Jimenez; Michael Kiyoi; Ryan Lepore; Eric Lissner; Sean McDougall; Sam Plasman; Nate Ransom; Garrett Santi; Zac Schakner; Jeff Silverman; Ryan Smith; Mitchell Steiner; Zachary Theodore; Matt Theologidy; Aaron Weaver,Los Angeles Aviators,1,2019
4,Kiron Allen; Jacob Fairfax; Henry Fisher; Mischa Freystaetter; Josh Hartzog; JD Hastings; Allan Laviolette; Johnnie Lynch; Tim McAllister; Andrew McKelvey; Terrence Mitchell; Jacob Mouw; Charlie Muniz ; Jeff Nordgren; Jakeem Polk; David Richardson; Noah Saul; Eric Taylor; Ross Ward; Sol Yanuck,Raleigh Flyers,1,2019
5,Nathan Bridges; Travis Dunn; Sam Fontaine; Wesley Groth; Jake Gutkowski; Sean Ham; Jonathan Helton; Maxwell Hume; Andrew Kohl; Joshua Kohl; Mark (Dom) Leggio; Steven Milardovich; Marcel Osborne; Trevor Purdy; Scott Radlauer; Ryo Senda**; Mark Slader; Michael Tran; William Turner; Bailey Wu,San Diego Growlers,1,2019
6,Chuck Cao; Steven Chang; Matt Crawford; Antoine Davis; Ethan Falat; Brandon Fein; Lior Givol; Jacob Greenberg; Keenan Laurence; Ben Levinsky; Justin Norden; Alex Pan; Mark Philipson; Brian Roach; Marcelo Sanchez; Earley Shane; Jackson Stearns; Gabe Taylor; Munis Thahir; Robert Yeagle,San Jose Spiders,1,2019
7,Jesse Bolton; Jay Boychuk; Jack Brown; Mark Burton; Dennis Casio; Zhi Chen; William Coffin; Charlie Eide; Khalif El-Salaam; Kahyee Fong**; Peter Geertz-Larson; Brad Houser; Thomas Lassetter; Steph Lim; Nick Mahan**; Marc Munoz; Henry Phan; Kodi Smart; Keegan Taggart; Shane Worthington**,Seattle Cascades,1,2019
8,Craig Anderson; Alex Bullock; Adam Carr; Ryan Chard; Jacob Clary; James Franklin; Ryan Hiser; Jack Kern; Josh Layton; Tim Lootens; Billy O'Bryan; Unmil Patel; Bobby Patterson; Brandon Perales; Tanner Repasky; Andrew Roney; Bradley Seuntjens; Dustin Travaglini; Adam Vinson; Hayden Wachob,Tampa Bay Cannons,1,2019
9,Zach Avello; Josh Bush; Sun Choi; Jason Crowe; Karl Ekwurtzel; Brett Hulsmeyer; Elijah Jaime; Matthew Knowles; Paul Lally; Mac McClellan; Christian Olsen; Player Pierce; Carter Rae; Devon Rogers; Matt Smith; Trenton Spinks**; Austin Taylor; Alex Trautman; Josh Turner; Kelvin Williams,Atlanta Hustle,2,2019
10,Matthew Bennett; Mitch Bennett; Matt Bierschenk; Eric Brodbeck; John Cecil; Michael Cramer; Brian Gfroerer; Kyle Henke; Robert Lewis; Jeff Loskorn; Michael Matthis; Rory Orloff; Ethan Pollack; Ryan Purcell; Doug Richardson; Austin Walker; John Walter; Mason Wuensch; Joshua Zdrodowski; Jimmy Zuraw,Austin Sol,2,2019
11,Matthew Armour; Alex Brouwer; Noah Chambers; Joel Clutton; Abe Coffin; Dan Emmons; Jay Froude; Abe Gambert; Matt Jackson; Ben Lewis; Kai Marshall; Kaplan Maurer; Wesley Miaw; Griffin Miller; Stephen  Poulos; Jake Reinhardt; Dalton Smith; Connor  Ughetta; Sam Ward; Carson Wilder,Dallas Roughnecks,2,2019
12,Jarrod Banks; Quinn Bergeron; David Bloodgood; Jay Boyle; Garrett Braun; Max Cassell**; Matt Cullom**; Kristopher Harrison; Cody Johnston; Xavier Maxstadt; Matthew McDonnell; Anthony McLean; Ray Mendoza; AJ Merriman; Matt Neeley; Houston Parks; Nathan Prior; David Shields; Kyle Vezina; Dane Warner,DC Breeze,2,2019
13,Cameron Brock; Peter Carleton; Travis Carpenter; Kyle Cox; Sam Ellison**; Rick Gross; Alex Henderson; Conner Henderson; David Hortemiller; Dusty Hughes; Nick Hutton; Levi Jacobs; Heath Kalaba; Spencer Loscar; Brett Matzuka; Chris Miller**; Keegan North; Keenan Plew; Colin Ringwood; Donovan Triplett,Indianapolis AlleyCats,2,2019
14,Tyler Bacon; Tim Beatty; Xavier Charles; Alex Drum; Collin Gall; Joc Jimenez; Nate Kirchhofer; Michael Kiyoi; Danny Landesman; Eric Lissner; Sean McDougall; Sam Plasman; Nate Ransom; Zachary Schakner; Jeff Silverman; Mitchell Steiner; Matt Theologidy; Zachary Theordore; Evan Valdez; Aarom Weaver,Los Angeles Aviators,2,2019
15,Nate Bosscher; Kevin Brown; Colin Camp; Thomas Coolidge; Colin Grandon; Avery Johnson; Sterling Knoche; Michael Kobyra; Victor Luo; Chase Marty; Andrew Meshnick; Ben Nelson; Kevin Pettit-Scantling; Logan Pruess; Brett Robinson; Pat Shriwise; Daniel Vockeroth; Chris Wilen; Joshua Wilson; Dave Wiseman,Madison Radicals,2,2019
16,Albert Alarcon; Josue Alorro; Matthew Auletta; Jeff Babbitt; Ryan Brown; Marques Brownlee; Mike Drost; Ryan Drost; Harper Garvey; Alex Isik; Ben Jagt; Ben Katz**; Beau Kittredge; Conor Kline; Matt Lemar; Grant Lindsley; TJ Stanton; Matthew Stevens; Matthew Weintraub; Jack Williams,New York Empire,2,2019
17,Justin Allen ; Chuck Cantone; Andrew Cohen; Kamron Daftari; Jacob Fairfax; Henry Fisher; Mischa Freystaetter; Tristan Green; Allan Laviolette; Johnnie Lynch; Andrew McKelvey; Terrence Mitchell; Charlie Muniz ; Jakeem Polk; David Richardson; Noah Saul; Vikram Sethuraman; Eric Taylor; Ross Ward; Sol Yanuck,Raleigh Flyers,2,2019
18,Travis Dunn; Sam Fontaine; Wesley Groth; Jake Gutkowski; Aidan Hall; Sean Ham; Jonathan Helton; Maxwell Hume; Joseph Huppert; Steven Milardovich; Marcel Osborne; Trevor Purdy; Scott Radlauer; David Ritchie; Kyle Rubin; Ryo Senda; Kyle Smith; Reggie Sung; William Turner; Bailey Wu,San Diego Growlers,2,2019
19,Chuck  Cao; Steven Chang; Matt Crawford; Antoine Davis; Shane Earley; Ethan Falat; Brandon Fein; Jacob Greenberg; Keenan Laurence; Ben Levinsky; Justin Norden; Mark Philipson; Cyrus Ready Campbell; Brian Roach; Marcelo Sanchez; Aaron  Shi; Jackson Stearns; Skylohr Taylor; Gabe Taylor; Munis Thahir,San Jose Spiders,2,2019
20,"Zack Avello; Josh Bush; Sun Choi; Jason Crowe; Phillip Dougherty; Karl Ekwurtzel; Matthew Knowles; Mac McClellan; Christian Olsen; Javier Ortiz; Jaime Perez; Player Pierce; Carter Rae; Matt Smith; Trenton Spinks; Austin Taylor; Alex Trautman; Josh Turner; Kelvin Williams; Joel Wooten; Inactive: Elijah Jaime, Brett Hulsmeyer",Atlanta Hustle,3,2019
21,"Mitch Bennett; Matthew Bennett; Matt Bierschenk; Eric Brodbeck; John Cecil; Zach Cotter; Brian Gfroerer; Kyle Henke; Jason Holleran; Carter Hollo; Robert Lewis; Jeff Loskorn; Michael Matthis; Ethan Pollack; Doug Richardson; John Walter; Keivaun Waugh; Mason Wuensch; Joshua Zdrodowski; Jimmy Zuraw; Inactive: Rory Orloff, Ryan Purcell",Austin Sol,3,2019
22,Ross Barker; Jeremy Burril; Tommy Gallagher; Brenton Hard**; Pawel Janas; Jesse Johnson; Karl Kingma; David Meinecke; Danny Miller; Zane Rankin; Matt Rehder; Alex Rummelhart; Jack Shanahan; Drew Swanson; Jimmy Sykora; Cal Tornabene**; Seth Weaver; Jeff Weis; Dave Woods; Nick Zeman,Chicago Wildfire,3,2019
23,"Matthew Armour; Noah Chambers; Joel Clutton; Abe Coffin; Dan Emmons; Jay Froude; Dillon Larberg; Ben Lewis; Brandon Malecek; Zach Marbach; Kai Marshall; Kaplan Maurer; Griffin Miller; Connor  Olson; Jake Reinhardt; Ben Rogers; Thomas Slack; Dalton Smith; Connor  Ughetta; Carson Wilder; Inactive: Casey Hogg, Alex Brouwer",Dallas Roughnecks,3,2019
24,Jarrod Banks; Quinn Bergeron; David Bloodgood; Jay Boyle; Garrett Braun; Max Cassell; Matt Cullom; Cody Johnston; Alex Liu; Xavier Maxstadt; Matthew McDonnell; Anthony McLean; Ray Mendoza; AJ Merriman; Matt Neeley; Houston Parks; Nathan Prior; Kevin Versteeg; Kyle Vezina; Dane Warner,DC Breeze,3,2019
25,Kevin Anthony; James Baker Jr.**; Joshua Beaulieu**; Alexander Bertoia; Benjamin Cheer; Kevin Coulter; Joseph Cubitt; Mitchell DeNooyer; Karl Fauerbach; Wasdi Grimaldo B.; Ashton Hoffman; David Innis**; Austin Johnson; Jordan Kinde; Justin Perticone; Troy Roberts; Joe Rogers; Jeffery Schubert; Andrew Sjogren; Mark Whitton,Detroit Mechanix,3,2019
26,"Cameron Brock; Travis Carpenter; Kyle Cox; Jacob Fella**; Rick Gross; Alex Henderson; Conner Henderson; David Hortemiller; Dusty Hughes; Nick Hutton; Levi Jacobs; John Jones; Jeremy Keusch; Spencer Loscar; Chris Miller; Keegan North; Keenan Plew; Colin Ringwood**; Donovan Triplett; Zach Zebarth**; Inactive: Peter Carleton, Brett Matzuka",Indianapolis AlleyCats,3,2019
27,Tyler Bacon**; Alex Drum; Collin  Gall; Joc Jimenez; Nate Kirchhofer**; Michael Kiyoi**; Ian Ladner; Danny Landesman; Ryan  Lepore; Wayne Lu; Sean McDougall; Sam Plasman; Nate Ransom; Zac Schakner; Jeff Silverman; Ryan  Smith; Mitchell Steiner; Zachary Theodore; Matt Theologidy; Aaron Weaver; Inactive: Xavier Charles,Los Angeles Aviators,3,2019
28,"Tarik Akyuz; Tom Annen; Nate Bosscher; Colin Camp; Thomas Coolidge; Peter  Graffy; Colin Grandon; Avery Johnson; Sterling Knoche; Chase Marty; Andrew Meshnick; Seth Meyer; Ben Nelson; Kevin Pettit-Scantling; Dylan Power; Logan Pruess; Pat Shriwise; Chris Wilen; Joshua Wilson; Dave Wiseman; Inactive: Kevin Brown, Victor Luo",Madison Radicals,3,2019
29,"Daniel Bates; Cameron Burden; Dylan DeClerck; Jesse Greenberg; Tate Halberg; Kristian Johnson; Michael Jordan; James Kittlesen; Josh Klane; Mathew Ladyman; Isaac Leonard; Brandon Matis; Brendan McCann; Mitchell McCarthy; Grayson Pangburn; Alan Scarth; Quinn Snider; Jordan Taylor; Bryan Vohnoutka; Ryan Welch; Inactive: Ethan Rasmussen, Jason Tschida",Minnesota Wind Chill,3,2019
30,Mike Arcata; David Baer; Matt Ballman; Mike Campanella; Dustin Damiano; Patrick Diviney; Brice Dunn; Matt Esser; Ethan Fortin; Trey Katzenbach; Austin Lillis; Himalaya Mehta; Sean Mott; Nick Patel; Ethan Peck; James Pollard ; Zac Sands; Marc Sands; Billy Sickles; Ryan Weaver,Philadelphia Phoenix,3,2019
31,Dylan Best; Adam Burgess; John Buss; Marquis Cofer; Thomas Edmonds; Mark Fedorenko; Chris Graber; Robert Halvorsen; Justin Kinkead; Jon Mast; Steve May; Pat McMullen; Dayne Meyer; Steve Mogielski; Anson Reppermund; Max Sheppard; Alex Thomas; Jimmy Towle; David Vatz; Owen Watt; Inactive: Noah Robinson,Pittsburgh Thunderbirds,3,2019
32,"Nathan Bridges; Travis Dunn; Sam Fontaine; Wesley Groth; Jake Gutkowski; Aidan Hall; Maxwell Hume; Joseph Huppert; Joshua Kohl; Mark (Dom) Leggio; Steven Milardovich; Tim Okita; Marcel Osborne; Scott Radlauer; Ryo Senda; Mark Slader; Reggie Sung; Michael Tran; William Turner; Bailey Wu; Inactive: Jonathan Helton, Sean Ham",San Diego Growlers,3,2019
33,"Chuck  Cao; Matt Crawford; Ethan Falat; Brandon Fein; Jacob Greenberg; Keenan Laurence; Ben Levinsky; Nick Murphy; Justin Norden; Alex Pan; Mark Philipson; Brian Roach; Marcelo Sanchez; Aaron  Shi; Jackson Stearns; Skylohr Taylor; Gabe Taylor; Munis Thahir; Kevin Tien; Robert Yeagle; Inactive: Antoine Davis, Lior Givol",San Jose Spiders,3,2019
34,"Jay Boychuk; Dennis Casio; William Coffin; Charlie Eide; Bryson Fox; Xtehn Frame; Peter Geertz-Larson; Brad Houser; Wally Kasprzycki; Steph Lim; Nick Mahan; Charlie Mercer; Marc Munoz; Henry Phan; June Rapisura; Zach Sabin; Ryan Segal; Kodi Smart; Keegan Taggart; Shane Worthington; Inactive: Mark Burton, Khalif El-Salaam",Seattle Cascades,3,2019
35,"Brandon Allen; Jack Barrow; Alex Bullock; Adam Carr; Jacob Clary; James Franklin; Larz Hanselman; Ryan Hiser; Jacob Lane; Tim Lootens; Josh McKisic; Billy O'Bryan**; Unmil Patel; Bobby Patterson**; Tanner Repasky; Andrew Roney; Bradley Seuntjens; Dustin Travaglini**; Hayden Wachob; Javier Yañez; Inactive: Nathan Vickroy, Ryan Chard",Tampa Bay Cannons,3,2019
36,"Zack Avello; Sam Batson; Sun Choi; Jason Crowe; Karl Ekwurtzel; Christian Gaeta; Matthew Knowles; Paul Lally; Taylor Minch; Christian Olsen; Javier Ortiz; Jaime Perez; Player Pierce; Devon Rogers; Matt Smith; Trenton Spinks; Austin Taylor; Alex Trautman; Josh Turner; Kelvin Williams; Inactive: Brett Hulsmeyer, Joel Wooten",Atlanta Hustle,4,2019
37,"Joshua Beaulieu; Alexander Bertoia; Kevin Coulter; Joseph Cubitt; Dex Dremann; Karl Fauerbach; Ed Fox; Wasdi Grimaldo B.; Tyler Hebert; Ashton Hoffman; David Innis; Jordan Kinde; Jonathan Lee; Kevin Nicholl; Neil Proefrock; Austin Riegel; Troy Roberts; Jeffery Schubert; Sam Sincere; Andrew Sjogren; Inactive: Mark Whitton, Joe Rogers",Detroit Mechanix,4,2019
38,"Cameron Brock; Nathan Bussberg; Travis Carpenter; Kyle Cox; Terry Gaither; Rick Gross; Nathan Hershberger; Dusty Hughes; Nick Hutton; Levi Jacobs; Jesse Jenkins; John Jones; Spencer Loscar; Brett Matzuka; Keegan North; Shawn Owen; Keenan Plew; Colin Ringwood; Colton Steiner; Donovan Triplett; Inactive: Alex Henderson, David Hortemiller",Indianapolis AlleyCats,4,2019
39,"Tyler Bacon; Kyle Conniff; Alex Drum; Joc Jimenez; Nate Kirchoffer; Michael Kiyoi; Danny Landesman; Crash Lepore; Wayne Lu; Sean McDougall; Andrew Padula; Sam Plasman; Nate Ransom; Garrett Santi; Zac Schakner; Jeff Silverman; Ryan Smith; Mitchell Steiner; Zach Theodore; Aaron Weaver; Inactive: Tim Beatty, Ian Ladner",Los Angeles Aviators,4,2019
40,"Daniel Bates; Cameron Burden; Saurav Dubey; Jesse Greenberg; Tate Halberg; Kristian Johnson**; Michael Jordan; James Kittlesen; Josh Klane; Mathew Ladyman; Isaac Leonard; Brandon Matis; Mitchell McCarthy; Drew Otterlei; Grayson Pangburn; Ethan Rasmussen; Quinn Snider; Jordan Taylor; Bryan Vohnoutka; Ryan Welch; Inactive: Brendan McCann, Alan Scarth",Minnesota Wind Chill,4,2019
41,André Arsenault; Malik Auger-Semmar; Philippe Bisson; Quentin Bonnaud; Stève Bonneau; Mathieu Bosser; Jakob Brissette; Estéban Ceballos; Simon Charette; Laurent Faye; Vincent Gamache; Miguel Goderre; Kevin Groulx; Vincent Lemieux; Gabriel Monfette; Sacha Poitte- Sokolsky ; Kevin Quinlan; Quentin Roger; Jacob Saunders; Christophe Tremblay Joncas,Montreal Royal,4,2019
42,Albert Alarcon; Josue Alorro**; Matthew Auletta; Jeff Babbitt; Ryan Brown; Marques Brownlee; Mike Drost; Ryan Drost; Harper Garvey; Ben Jagt; Ben Katz; Beau Kittredge; Conor Kline; Matthew Lemar; Grant Lindsley; Jibran Mieser; TJ Stanton**; Matthew Stevens; Matthew Weintraub; Jack Williams,New York Empire,4,2019
43,Derek Alexander; Ken Alexander**; Alec Arsenault; Geoff Bevan; Nick Boucher; Kyle Cantal; David Colic; Greg Ellis; Jon Hallett; Jeremy Hill**; Jeff Lindquist; Karl Loiseau; Paul Mensah; Matt O'Brien; Adam O'Donnell; Andrew Ouchterlony; Erich Phang-Lyn; Paul Renaud; Braedan Robinson; Carson Turner,Ottawa Outlaws,4,2019
44,"Shashank Alladi; Mike Arcata; Matt Ballman; Peter Burt; Dustin Damiano; Patrick Diviney; Brice Dunn; Matt Esser; Ethan Fortin; Evan Karson; Colin Masino; Himalaya Mehta; Sean Mott; Eric Nardelli; Nick Patel; Ethan Peck; Zac Sands; Billy Sickles; Ryan Weaver; Scott Xu; Inactive: Dave Baer, Marc Sands, Trey Katzenbach",Philadelphia Phoenix,4,2019
45,"John Buss; Marquis Cofer; Marquis Cofer; Mark Fedorenko**; Kenny Furdella; Nick Gigliotti; Chris Graber; Robert Halvorsen; Jack Hefferon; Justin Kinkead; Jon Mast; Dayne Meyer; Steve Mogielski; Anson Reppermund; Max Sheppard; Alex Thomas; Jimmy Towle; Sam VanDusen; David Vatz; Owen Watt; Inactive: Dylan Best, Thomas Edmonds",Pittsburgh Thunderbirds,4,2019
46,"Tanner Barcus; Chuck Cantone; Andrew Cohen; Joey Cretella; Kamron Daftari; Jacob Fairfax; Henry Fisher; Sam Gabrielson; Josh Hartzog; Terrence Mitchell; Charlie Muniz ; Jeff Nordgren; Jordan Perry; Jakeem Polk; David Richardson; Grayson Sanner; Vikram Sethuraman; Shane Sisco; Eric Taylor; Sol Yanuck; Inactive: Noah Saul, Allen Laviolette",Raleigh Flyers,4,2019
47,"Hall Aidan; Ritchie David; Helton Jonathan; Rubin Kyle; Slader Mark; Leggio Mark (Dom); Hume Maxwell; Tran Michael; Dehnbostel Mike ; Bridges Nathan; Sung Reggie; Senda Ryo; Fontaine Sam; Radlauer Scott; Milardovich Steven; Okita Tim; Dunn Travis; Purdy Trevor; Groth Wesley; Turner William; Inactive: Sean Ham, Marcel Osborne",San Diego Growlers,4,2019
48,"Jesse Bolton**; Jay Boychuk; Dennis Casio; William Coffin; Alex Duffel; Khalif El-Salaam; Bryson Fox; Xtehn Frame; Peter Geertz-Larson; Brad Houser; Wally Kasprzycki; Thomas Lassetter; Nick Mahan; Charlie Mercer; Marc Munoz; Henry Phan; June Rapisura; Ryan Segal; Kodi Smart; Shane Worthington; Inactive: Mark Burton, Zach Sabin, Steph Lim",Seattle Cascades,4,2019
49,"Connor Armstrong; Andrew Carroll; Scott Graham; Cameron Harris; Jacky Hau; Nathan Hirst; Jason Huynh; Jason Lam; Iain Mackenzie; Isaiah Masek-Kelly; Thomson McKnight; Jerry Meron**; Akifumi Muraoka; Jeremy Norden; Remi Ojo; Geoff Powell; Ben Pries**; Bretton Tan; Phil Turner; Marijo Zlatic; Inactive: Adrian Yearwood, Mike Mackenzie",Toronto Rush,4,2019
50,"Hayden Austin-Knabb; Zack Avello; Hulsmeyer Brett; Phil Dougherty; Karl Ekwurtzel; Christian Gaeta; Elijah Jaime; Matthew Knowles; Will Lindquist; Mac McClellan; Christian Olsen; Javier Ortiz; Player Pierce; Carter Rae; Matt Smith; Coleman Tappero; Austin Taylor; Alex Trautman; Josh Turner; Kelvin Williams; Inactive: Trenton Spinks, Sun Choi",Atlanta Hustle,5,2019
51,Matthew Bennett; Reese Bowman; John Cecil; Michael Cramer; Brian Gfroerer; Kyle Henke; Jason Holleran; Carter  Hollo; Robert Lewis; Michael Matthis; Elliott Moore; Rory Orloff; Ethan Pollack; Ryan Purcell; Doug Richardson; Andrew Walch; John Walter; Keivaun Waugh; Mason Wuensch; Joshua Zdrodowski; Inactive: Chase Cunningham,Austin Sol,5,2019
52,Von Alanguilan; Ross Barker; Tim Fergus; Charlie Furse; Tommy Gallagher; Pawel Janas; David Meinecke; Danny Miller; Michael Pardo; Matt Rehder; Alex Rummelhart; Jack Shanahan; Drew Swanson**; Jimmy Sykora; Cal Tornabene; Jason Vallee; Seth Weaver; Jeff Weis; Jesse White; Nick Zeman; Inactive: Michael Egan,Chicago Wildfire,5,2019
53,Quinn Bergeron; David Bloodgood; Garrett Braun; Max Cassell; Matt Cullom; Cody Johnston; Peter Mancini; Xavier Maxstadt; Matthew McDonnell; Anthony McLean; Ray Mendoza; Zach Norrbom; Houston Parks; Leo Pierson; Nathan Prior; Joe Richards; David Shields; Kevin Versteeg; Dane Warner; Jeff Wodatch; Inactive: AJ Merriman,DC Breeze,5,2019
54,Jimmy Baker Jr; Alexander Bertoia; Joey Cari; Ben Cheer; Kevin Coulter; Joe Cubitt; Karl Fauerbach; Ashton Hoffman; David Innis; Austin Johnson; Jordan Kinde; Josh Osinski; Justin Perticone; Tyler Postema; Austin Riegel; Joe Rogers; Jeff Schubert; Sam Sincere; Andrew Sjogren; Mark Whitton,Detroit Mechanix,5,2019
55,"Cameron Brock; Peter Carleton; Travis Carpenter; Sam Ellison; Jacob Fella; Rick Gross; Alex Henderson; Conner Henderson; David Hortemiller; Nick Hutton; Levi Jacobs; John Jones; Jeremy Keusch; Spencer Loscar; Brett Matzuka; Keegan North; Keenan Plew; Colin Ringwood; Donovan Triplett; Aaron Weaver; Inactive: Kyle Cox, Zach Zebarth",Indianapolis Alleycats,5,2019
56,Tyler Bacon; Tim Beatty; Xavier Charles; Kyle  Conniff; Alex Drum; Collin Gall; Joc Jimenez; Nate Kirchoffer; Danny Landesman; Eric Lissner; Sean McDougall; Andrew Padula; Nate Ransom; Garrett Santi; Jeff Silverman; Ryan Smith; Mitchell Steiner; Zachary Theodore; Matt  Theologidy; Aaron Weaver; Inactive: Zac Schakner,Los Angeles Aviators,5,2019
57,"Daniel Bates; Cameron Burden; Saurav Dubey; Jesse Greenberg; Scott Hearne; Michael Jordan; James Kittlesen; Josh Klane; Mathew Ladyman; Isaac Leonard; Brandon Matis; Brendan McCann; Mitchell McCarthy; Drew Otterlei; Grayson Pangburn; Josh Poterack; Alan Scarth; Jordan Taylor; Bryan Vohnoutka; Ryan Welch; Inactive: Ethan Rasmussen, Tate Halberg",Minnesota Wind Chill,5,2019
58,André Arsenault; Malik Auger-Semmar; Quentin Bonnaud; Stève Bonneau; Mathieu Bosser; Jakob Brissette; Estéban Ceballos; Nabil Chaouch; Simon Charette; Laurent Faye; Vincent Gamache; Miguel Goderre; Kevin Groulx; Vincent Lemieux; Gabriel Monfette; Sacha Poitte- Sokolsky ; Kevin Quinlan; Quentin Roger; Jacob Saunders; Christophe Tremblay Joncas,Montreal Royal,5,2019
59,Derek Alexander; Geoff Bevan; Nick Boucher; David Colic; Greg Ellis; Colin Froats; Jeremy Hill; Jeff Lindquist; Karl Loiseau; Chad McCausland; Paul Mensah; Adam O'Donnell; Andrew Ouchterlony; Erich Phang-Lyn; Paul Renaud; Braedan Robinson; Shintaro Tsukamoto; Carson Turner; Simon Walker; Ryan Wallace,Ottawa Outlaws,5,2019
60,"Shashank Alladi; Mike Arcata; Peter Burt; Dustin Damiano; Matt Esser; Ethan Fortin; Stuart Hean; Evan Karson; Austin Lillis; Greg Martin; Himalaya Mehta; Sean Mott; Eric Nardelli; Nick Patel; Ethan Peck; James Pollard; Zac Sands; Marc Sands; Billy Sickles; Scott Xu; Inactive: Matt Ballman, Brice Dunn",Philadelphia Phoenix,5,2019
61,Dylan Best; Adam Burgess; John Buss; Thomas Edmonds; Mark Fedorenko; Nick Gigliotti; Chris Graber; Robert Halvorsen; Jack Hefferon; Jon Mast; Pat McMullen; Dayne Meyer; Steve Mogielski; Anson Reppermund; Jordan Robarge; Max Sheppard; Alex Thomas; Jimmy Towle; Sam VanDusen; Owen Watt; Inactive: David Vatz,Pittsburgh Thunderbirds,5,2019
62,"Justin Allen; Kiron Allen; Chuck Cantone; Joey Cretella; Jacob Fairfax; Henry Fisher; Josh Hartzog; JD Hastings; Allan Laviolette; Johnnie Lynch; Tim McAllister; Terrence Mitchell; Charlie Muniz ; Jonathan Nethercutt; Jeff Nordgren; Jordan Perry; Vikram Sethuraman; Shane Sisco; Eric Taylor; Sol Yanuck; Inactive: Mischa Freystaetter, Jakeem Polk",Raleigh Flyers,5,2019
63,"Jesse Cohen; Travis Dunn; Sam Fontaine; Wesley Groth; Jake Gutkowski; Sean Ham; Jonathan Helton; Maxwell Hume; Joshua Kohl; Mark (Dom) Leggio; Steven Milardovich; Tim Okita; Marcel Osborne; Trevor Purdy; Scott Radlauer; Ryo Senda; Reggie Sung; William Turner; Inactive: Mark Slader, Nathan Bridges",San Diego Growlers,5,2019
64,Mike Becich; Chuck  Cao; Steven Chang; Matt Crawford; Antoine Davis; Shane Earley; Ethan Falat; Brandon Fein; Lior Givol; Keenan Laurence; Justin Norden; Alex Pan; Mark Philipson; Marcelo Sanchez; Aaron  Shi; Jackson Stearns; Skylohr Taylor; Gabe Taylor; Kevin Tien; Berreman Wyatt; Inactive: Jacob Greenberg,San Jose Spiders,5,2019
65,Jay Boychuk; Mark Burton; Dennis Casio; Zhi Chen; Will Coffin; Charlie Eide; Khalif El-Salaam; Kahyee Fong; Bryson Fox; Peter Geertz-Larson; Brad Houser; Thomas Lassetter; Nick Mahan; Charlie Mercer; Marc Munoz; Henry Phan; John Quandt; June Rapisura; Zach Sabin; Shane Worthington; Inactive: Ryan Segal,Seattle Cascades,5,2019
66,Connor Armstrong; Andrew Carroll; Cameron Harris; Jacky Hau; Nathan Hirst; Jason Huynh; Kevin Jay; Iain Mackenzie; Mike Mackenzie; Isaiah Masek-Kelly; Thomson McKnight; Jerry Meron; Akifumi Muraoka; Jeremy Norden; Geoff Powell; Ben Pries; Bretton Tan; Phil Turner; Bryan Yue; Marijo Zlatic; Inactive: Remi Ojo,Toronto Rush,5,2019
67,Sun Choi; Phillip Dougherty; Karl Ekwurtzel; Christian Gaeta; Brett Hulsmeyer; Elijah Jaime; Will Johnson; Matthew Knowles; Paul Lally**; Will Lindquist; Taylor Minch; Jeffery Minowa; Christian Olsen; Javier Ortiz; Carter Rae; Devon Rogers; Matt Smith; Austin Taylor; Josh Turner; Kelvin Williams; Inactive: Player Pierce,Atlanta Hustle,6,2019
68,Matt Bennett; Matt Bierschenk; John Cecil; Brian Gfroerer; Kyle Henke; Jason Holleran; Carter Hollo; Bob Lewis; Jeff Loskorn; Michael Matthis; Corey Mika; Elliot Moore; Ethan Pollack; Andrew Walch; Mick Walter; Keivaun Waugh; Jerrod Wolfe; Mason Wuensch; Josh Zdrodowski; Jimmy Zuraw; Inactive: Mitch Bennett,Austin Sol,6,2019
69,Zubair Abdulla; Ross Barker; Jeremy Burril; Charlie Furse; Tommy Gallagher; Brenton Hard; Pawel Janas; Jesse Johnson; Joey Kennedy; Karl Kingma; Judah Newman; Matt Rehder; Alex Rummelhart; Jack Shanahan; Drew Swanson; Jimmy Sykora; CJ O'Brien; Seth Weaver; Jeff Weis; Dave Woods; Inactive: Zane Rankin,Chicago Wildfire,6,2019
70,"Matthew Armour; Abe Coffin; Dan Emmons; Henry Furuta; Abe Gambert; Gabe Hernandez; Dillon Larberg; Chris Larberg; Brandon Malecek; Kai Marshall; Kaplan Maurer; Wesley Miaw; Griffin Miller; Connor  Olson; Jake Reinhardt; Zach Riggins; Thomas Slack; Connor  Ughetta; Sam Ward; Carson Wilder; Inactive: Jay Froude, Dalton Smith, Ben Lewis",Dallas Roughnecks,6,2019
71,"Jarrod Banks; Quinn Bergeron; Garrett Braun; Sam Brecker; Max Cassell; Jeremy Knopf; Alex Liu; Dennis Maclaine; Peter Mancini; Xavier Maxstadt; Matthew McDonnell; Ray Mendoza; AJ Merriman; Matt Neeley; Leo Pierson; Nathan Prior; Joe Richards; David Shields; Kevin Versteeg; Jeff Wodatch; Inactive: David Bloodgood, Cody Johnston",DC Breeze,6,2019
72,Cameron Brock; Peter Carleton; Travis Carpenter; Kyle Cox; Rick Gross; Alex Henderson; Conner Henderson; David Hortemiller; Dusty Hughes; Nick Hutton; Levi Jacobs; John Jones; Spencer Loscar; Brett Matzuka; Chris Miller; Keegan North; Keenan Plew; Colin Ringwood**; Donovan Triplett; Aaron Weaver,Indianapolis Alleycats,6,2019
73,"Tyler Bacon; Jacob Bartholomew; Timmy Beatty; Calvin Brown; Kyle Conniff; Collin  Gall; Joc Jimenez; Nate Kirchoffer; KJ Koo; Danny Landesman; Wayne Lu; Sean MCDougall; Andrew Padula; Nate Ransom; Zac Schakner; Zac Schakner; Jeff Silverman; Ryan  Smith; Zachary Theodore; Aaron Weaver; Inactive: Michael Kiyoi, Mitchell Steiner, Eric Lissner",Los Angeles Aviators,6,2019
74,"Tarik Akyuz; Tom Annen; Nate Bosscher; Kevin Brown; Colin Camp; Thomas Coolidge; Colin Grandon; Avery Johnson; Sterling Knoche; Victor Luo; Chase Marty; Andrew Meshnick; Seth Meyer; Ben Nelson; Kevin Pettit-Scantling; Dylan Power; Logan Pruess; Pat Shriwise; Chris Wilen; Dave Wiseman; Inactive: Peter Graffy, Joshua Wilson",Madison Radicals,6,2019
75,Daniel Bates; Cameron Burden; Patrick Cashman; Saurav Dubey; Jesse Greenberg; Alex Jirele; Kristian Johnson; Michael Jordan; James Kittlesen; Josh Klane; Mathew Ladyman; Isaac Leonard; Brandon Matis; Brendan McCann; Grayson Pangburn; Josh Poterack; Alan Scarth; Jordan Taylor; Bryan Vohnoutka; Ryan Welch; Inactive: Mitchell McCarthy,Minnesota Wind Chill,6,2019
76,Albert Alarcon; Josue Alorro; Jeff Babbitt; Jagt Benjamin; Ryan Brown; Marques Brownlee; Mike Drost; Ryan Drost; Harper Garvey; Mieser Jibran; Ben Katz; Beau Kittredge; Conor Kline; Elliot Lee; Matthew Lemar; Grant Lindsley; TJ Stanton; Matthew Stevens; Matthew Weintraub; Jack Williams; Inactive: Matthew Auletta,New York Empire,6,2019
77,Ken Alexander; Alec Arsenault; Tait Becke; Geoff Bevan; Nick Boucher; Kyle Cantal; Greg Ellis; Jon Hallett; Jeremy Hill; Erik Hunter; Jeff Lindquist; Karl Loiseau; Paul Mensah; Matt O'Brien; Adam O'Donnell; Andrew Ouchterlony; Erich Phang-Lyn; Paul Renaud; Bryce Ring; Carson Turner; Inactive: Dave Colic,Ottawa Outlaws,6,2019
78,Dylan Best; Adam Burgess; Eike Cramer; Tyler DeGirolamo**; Thomas Edmonds; Mark Fedorenko; Kenny Furdella; Chris Graber; Robert Halvorsen; Jack Hefferon; Jon Mast; Pat McMullen; Dayne Meyer; Steve Mogielski; Anson Reppermund; Max Sheppard; Alex Thomas; Jimmy Towle**; Sam VanDusen; Owen Watt; Inactive: David Vatz,Pittsburgh Thunderbirds,6,2019
79,"Justin Allen; Kiron Allen; Andrew Cohen; Kamron Daftari; Jacob Fairfax; Mischa Freystaetter; Sam Gabrielson; Josh Hartzog; JD Hastings; Terrence Mitchell; Jacob Mouw; Charlie Muniz ; Jeff Nordgren; Jordan Perry; David Richardson; Grayson Sanner; Noah Saul; Inactive: Tim McAllister, Chuck Cantone, Jonathan Nethercutt, Henry Fisher, Sol Yanuck, Eric Taylor",Raleigh Flyers,6,2019
80,"Nathan Bridges; Jesse Cohen; Mike Dehnbostel; Travis Dunn; Sam Fontaine; Sean Ham; Maxwell Hume; Andrew Kohl; Joshua Kohl; Ryan Lacy; Mark (Dom) Leggio; Steven Milardovich; Tim Okita; Marcel Osborne; Trevor Purdy; Scott Radlauer; Kyle Rubin; Mark Slader; Michael Tran; Bailey Wu; Inactive: Ryo Senda, Jonathan Helton, William Turner",San Diego Growlers,6,2019
81,"Mike Becich; Wyatt Berreman; Jace Bruner; Antoine Davis; Shane Earley; Lior Givol; Keenan Laurence; Ben Levinsky; Alexander Morris; Justin Norden; Alex Pan; Mark Philipson; Cyrus Ready Campbell; Brian Roach; Marcelo Sanchez; Aaron  Shi; Jackson Stearns; Gabe Taylor; Munis Thahir; Glenn Wysen; Inactive: Ethan Falat, Steven Chang, Matt Crawford",San Jose Spiders,6,2019
82,"Jay Boychuk; Mark Burton; Dennis Casio; Zhi Chen; Will Coffin; Sam Cook; Alex Duffel; Khalif El-Salaam; Bryson Fox; Peter Geertz-Larson; Thomas Lassetter; Steph Lim; Nick Mahan; Marc Munoz; John Quandt; June Rapisura; Zach Sabin; Henry Schneider; Ryan Segal; Shane Worthington; Inactive: Jesse Bolton, Kodi Smart",Seattle Cascades,6,2019
83,"Craig Anderson; Alex Bullock; Ryan Chard; Jacob Clary; James Franklin; Kellen Gray; Matthew Hankin; Ryan Hiser; Jack Kern; Jacob Lane; Tim Lootens; Unmil Patel; Bobby Patterson; Brandon Perales; Tanner Repasky**; Andrew Roney; Bradley Seuntjens; Dustin Travaglini; Nathan Vickroy; Hayden Wachob; Inactive: Billy O'Bryan, Adam Carr",Tampa Bay Cannons,6,2019
84,"Andrew Carroll; Luc Comire; Cameron Harris; Jacky Hau; Nathan Hirst; Dan Lafrance; Wilkie Lewis; Iain Mackenzie; Isaiah Masek-Kelly; Thomson McKnight; Jerry Meron; Akifumi Muraoka; Jeremy Norden; Geoff Powell**; Ben Pries; Bretton Tan; Phil Turner; Adrian Yearwood; Bryan Yue; Marijo Zlatic; Inactive: Connor Armstrong, Jason Huynh",Toronto Rush,6,2019
85,Phillip Dougherty; Karl Ekwurtzel; Brett Hulsmeyer; Elijah Jaime; Paul Lally; Will Lindquist**; Mac McClellan; Taylor Minch**; Jeffery Minowa; Christian Olsen; Player Pierce; Carter Rae; Devon Rogers; Matt Smith; Daniel Sperling**; Trenton Spinks**; Austin Taylor; Alex Trautman; Kelvin Williams; Joel Wooten; Inactive: Zach Avello,Atlanta Hustle,7,2019
86,Mutahir Ahmad; Mitch Bennett; Matt Bennett; Reese Bowman; Eric Brodbeck; John Cecil; Zach Cotter; Brandon Dial; Derek Fan; Kyle Henke; Jason Holleran; Carter Hollo; Robert Lewis; Elliott Moore; Rory Orloff; Andrew Walch; Austin Walker; John Walter; Keiuvan Waugh; Jerrod Wolfe; Inactive: Joshua Zdrodowski,Austin Sol,7,2019
87,Zubair Abdulla; Ross Barker; Michael Egan; Tim Fergus; Charlie Furse; Tommy Gallagher; Brenton Hard; Jeff Holm; Pawel Janas; Jesse Johnson; Karl Kingma; Judah Newman; Michael Pardo; Matt Rehder; Alex Rummelhart; Jack Shanahan; Drew Swanson; Jason Vallee; Seth Weaver; Jeff Weis,Chicago Wildfire,7,2019
88,Matthew Armour; Abe Coffin; Dan Emmons; Jay Froude; Henry Furuta; Abe Gambert; Gabe Hernandez; Dillon Larberg; Chris Larberg; Ben Lewis; Brandon Malecek; Zach Marbach; Kai Marshall; Kaplan Maurer; Wesley Miaw; Griffin Miller; Connor Olson; Ben Rogers; Dalton Smith; Carson Wilder; Inactive: Thomas Slack,Dallas Roughnecks,7,2019
89,"Jarrod Banks; David Bloodgood; Garrett Braun; Max Cassell; Matt Cullom; Kristopher Harrison; Cody Johnston; Kenta Kawaguchi; Daniel Krug; Dennis Maclaine; Peter Mancini; Xavier Maxstadt; Matthew McDonnell; Ray Mendoza; AJ Merriman; Matt Neeley; Leo Pierson; Nathan Prior; David Shields; Dane Warner; Inactive: Jeff Wodatch, Anthony McLean",DC Breeze,7,2019
90,Josh Beaulieu; Alex Bertoia; Joey Cari; Nathan Champoux; Ben Cheer; Joe Cubitt; Ashton Hoffman; David Innis; Austin Johnson; Jordan Kinde; Kevin Nicholl; Josh Osinski; Justin Perticone; Austin Riegel; Troy Roberts; Joe Rogers; Jeff Schubert; Sam Sincere; Andrew Sjogren; Mark Whitton; Inactive: Kevin Coulter,Detroit Mechanix,7,2019
91,Cameron Brock; Peter Carleton; Travis Carpenter; Kyle Cox; Sam Ellison; Jacob Fella; Rick Gross; Alex Henderson; Conner Henderson; Nick Hutton; Levi Jacobs; John Jones; Heath Kalaba; Jeremy Keusch; Spencer Loscar; Brett Matzuka; Keenan Plew; Colin Ringwood**; Donovan Triplett; Aaron Weaver; Inactive: Keegan North,Indianapolis Alleycats,7,2019
92,"Tyler Bacon; Jake Baumer; Timmy Beatty; Xavier Charles; Alex Drum; Collin  Gall; Joc Jimenez; Nate Kirchoffer; Michael Kiyoi; Ian Ladner; Eric Lissner; Sean MCDougall; Andrew Padula; Sam Plasman; Nate Ransom; Garrett Santi; Zac Schakner; Jeff Silverman; Mitchell Steiner; Matt Theologidy; Inactive: Danny Landesman, Aaron Weaver, Zachary Theodore",Los Angeles Aviators,7,2019
93,"Tarik Akyuz; Tom Annen; Nate Bosscher; Kevin Brown; Colin Camp; Thomas Coolidge; Peter  Graffy; Colin Grandon; Avery Johnson; Sterling Knoche; Victor Luo; Andrew Meshnick; Ben Nelson; Kevin Pettit-Scantling; Dylan Power; Pat Shriwise; Kyle Weigand; Chris Wilen; Joshua Wilson; Dave Wiseman; Inactive: Chase Marty, Logan Pruess",Madison Radicals,7,2019
94,"Daniel Bates; Saurav Dubey**; Jesse Greenberg; Alex Jirele; Kristian Johnson; Michael Jordan; James Kittlesen; Josh Klane; Mathew Ladyman; Isaac Leonard; Brandon Matis; Mitchell McCarthy; Drew Otterlei; Grayson Pangburn**; Ethan Rasmussen; Alan Scarth; Jordan Taylor; Jason Tschida; Bryan Vohnoutka; Ryan Welch; Inactive: Cam Burden, Josh Poterack",Minnesota Wind Chill,7,2019
95,André Arsenault; Malik Auger-Semmar; Philippe Bisson**; Quentin Bonnaud; Stève Bonneau; Mathieu Bosser; Jakob Brissette; Nabil Chaouch**; Simon Charette; Laurent Faye; Vincent Gamache; Miguel Goderre; Kevin Groulx; Vincent Lemieux; Gabriel Monfette; Sacha Poitte- Sokolsky ; Kevin Quinlan; Quentin Roger; Jacob Saunders; Christophe Tremblay Joncas ,Montreal Royal,7,2019
96,Albert Alarcon; Josue Alorro; Matthew Auletta**; Jeff Babbitt; Marques Brownlee; Mike Drost; Ryan Drost; Harper Garvey; Benjamin Jagt; Ben Katz; Beau Kittredge; Conor Kline; Elliot Lee; Matthew Lemar; Grant Lindsley; Jibran Mieser; TJ Stanton**; Matthew Stevens; Matthew Weintraub; Jack Williams** ,New York Empire,7,2019
97,Derek Alexander; Ken Alexander; Alec Arsenault; Tait Becke; Geoff Bevan; Nick Boucher; David Colic; Greg Ellis; Jon Hallett; Jeremy Hill; Karl Loiseau; Chad McCausland; Paul Mensah; Matt O'Brien; Adam O'Donnell; Andrew Ouchterlony; Erich Phang-Lyn; Paul Renaud; Braedan Robinson; Carson Turner ,Ottawa Outlaws,7,2019
98,"Shashank Alladi; Mike Arcata; Dave Baer; Peter Burt; Dustin Damiano; Brice Dunn; Matt Esser; Ethan Fortin; Francisco Gomez; Stuart Hean; Greg Martin; Himalaya Mehta; Allan Michel; Sean Mott; Eric Nardelli; Nick Patel; Zac Sands; Marc Sands; Billy Sickles; Ryan Weaver; Inactive: Matt Ballman, Evan Karson",Philadelphia Phoenix,7,2019
99,Dylan Best; Eike Cramer; Thomas Edmonds; Mark Fedorenko; Kenny Furdella; Chris Graber; Robert Halvorsen; Buss John; Jon Mast; Pat McMullen; Dayne Meyer; Steve Mogielski; Anson Reppermund; Jordan Robarge; Max Sheppard; Alex Thomas; Jimmy Towle; Sam VanDusen; David Vatz; Owen Watt; Inactive: Jack Hefferon,Pittsburgh Thunderbirds,7,2019
100,"Justin Allen**; Chuck Cantone; Jacob Fairfax; Henry Fisher; Mischa Freystaetter; Josh Hartzog; JD Hastings; Allan Laviolette; Bobby Ley; Johnnie Lynch; Andrew McKelvey; Terrence Mitchell; Jacob Mouw; Charlie Muniz ; Jonathan Nethercutt; Jakeem Polk; David  Richardson; Shane Sisco; Eric Taylor; Sol Yanuck; Inactive: Tim McAllister, Kamron Daftari",Raleigh Flyers,7,2019
101,Nathan Bridges; Jesse Cohen; Travis Dunn; Sam Fontaine; Wesley Groth; Sean Ham; Jonathan Helton; Maxwell Hume; Andrew Kohl; Joshua Kohl; Dom Leggio; Steven Milardovich; Tim Okita; Marcel Osborne; Trevor Purdy; Scott Radlauer; David Ritchie; Kyle Rubin; Michael Tran; William Turner; Inactive: Ryo Senda,San Diego Growlers,7,2019
102,"Mike Becich; Jace Bruner; Phil Chang; Steven Chang; Antoine Davis; Brandon Fein; Lior Givol; Chris Hocutt; Sean Hyslop; Keenan Laurence; Alexander Morris; Zach Ormsby; Mark Philipson; Alex Pien; Marcelo Sanchez; Jackson Stearns; Gabe Taylor; Munis Thahir; Joe Thompson; Xinran Wang; Inactive: Justin Norden, Jacob Greenberg, Matt Crawford",San Jose Spiders,7,2019
103,"Brandon Allen; Craig Anderson; Adam Carr; Jacob Clary; Matteo Focchi; Kellen Gray; Ryan Hiser; Jack Kern; Jacob Lane; Josh Layton; Tim Lootens; Josh McKisic; Billy O'Bryan; Bobby Patterson; Brandon Perales; Tanner Repasky; Andrew Roney; Bradley Seuntjens; Dustin Travaglini; Nathan Vickroy; Inactive: James Franklin, Jack Barrow",Tampa Bay Cannons,7,2019
104,"Kieran Charnock; Luc Comire; Cameron Harris; Jacky Hau; Nathan Hirst; Jason Huynh; Dan Lafrance; Jason Lam; Wilkie Lewis; Iain Mackenzie; Thomson McKnight; Jerry Meron; Akifumi Muraoka; Jeremy Norden; Remi Ojo; Ben Pries; Bretton Tan; Phil Turner; Barrett Wachholz; Drew Wilson; Inactive: Andrew Carroll, Marijo Zlatic",Toronto Rush,7,2019
105,"Zach Avello; Sam Batson; Sun Choi; Phillip Dougherty; Karl Ekwurtzel; Christian Gaeta; Brett Hulsmeyer; Elijah Jaime; Will Lindquist; Mac McClellan ; Taylor Minch; Clark Missildine; Christian Olsen; Player Pierce; Matt Smith; Daniel Sperling ; Trenton Spinks**; Josh Turner; Kelvin Williams; Joel Wooten; Inactive: Austin Taylor, Paul Lally",Atlanta Hustle,8,2019
106,Matt Bennett; John Cecil; Zach Cotter; Brandon Dial; Brian Gfroerer ; Kyle Henke; Jason Holleran; Carter Hollo; Robert Lewis; Jeff Loskorn; Michael Matthis; Corey Mika; Elliott Moore; Ethan Pollack; Doug Richardson; Paul Starkel; Andrew Walch; Austin Walker; John Walter; Jimmy Zuraw; Inactive: Rory Orloff,Austin Sol,8,2019
107,Ross Barker; Brad Bolliger; Jeremy Burril; Michael Egan; Tim Fergus; Charlie Furse; Pawel Janas; Karl Kingma; Danny Miller; Michael Pardo; Zane Rankin**; Matt Rehder; Alex Rummelhart; Jack Shanahan; Drew Swanson; Jimmy Sykora; Jason Vallee; Seth Weaver; Jeff Weis; Nick Zeman; Inactive: Tommy Gallagher,Chicago Wildfire,8,2019
108,"Joel Clutton; Jonathan Costello; Jay Froude; Henry Furuta; Gabe Hernandez; Dillon Larberg; Chris Larberg; Ben Lewis; Brandon Malecek; Zach Marbach; Kai Marshall; Kaplan Maurer; Wesley Miaw; Griffin Miller; Jake Reinhardt; Kevin Richardson; Thomas Slack; Dalton Smith; Sam Ward; Carson Wilder; Inactive: Abe Coffin, Dan Emmons, Connor Olson",Dallas Roughnecks,8,2019
109,"Jarrod Banks; David Bloodgood; Garrett Braun; Max Cassell; Matt Cullom; Alexandre Fall; Kristopher Harrison; Kenta Kawaguchi; Jeremy Knopf; Daniel Krug; Alex Liu; Dennis Maclaine; Peter Mancini; Matthew McDonnell; AJ Merriman; Matt Neeley; Zach Norrbom; Houston Parks; Joe Richards; Dane Warner; Inactive: Nathan Prior, Xavier Maxstadt",DC Breeze,8,2019
110,"Kevin Anthony; Jimmy Baker Jr; Josh Beaulieu; Alex Bertoia; Joey Cari; Nathan Champoux; Ben Cheer; Joe Cubitt; Mitch DeNooyer; Karl Fauerbach; Ashton Hoffman; David Innis; Jonathan Lee; Justin Perticone; Tyler Postema; Neil Proefrock; Austin Riegel; Joe Rogers; Jeff Schubert; Sam Sincere; Inactive: Andrew Sjogren, Mark Whitton, Kevin Coulter, Jordan Kinde",Detroit Mechanix,8,2019
111,Cameron Brock; Peter Carleton; Travis Carpenter; Kyle Cox; Sam Ellison; Jacob Fella; Rick Gross; Alex Henderson; Conner Henderson; David Hortemiller; Nick Hutton; Levi Jacobs; John Jones; Jeremy Keusch; Spencer Loscar; Brett Matzuka; Keenan Plew; Colin Ringwood**; Donovan Triplett; Zach Zebarth**; Inactive: Keegan North,Indianapolis Alleycats,8,2019
112,"Tarik Akyuz; Tom Annen; Nate Bosscher; Kevin Brown; Colin Camp; Thomas Coolidge; Colin Grandon; Sterling Knoche; Michael Kobyra; Victor Luo; Andrew Meshnick; Seth Meyer; Ben Nelson; Kevin Pettit-Scantling; Dylan Power; Pat Shriwise; Kyle Weigand; Chris Wilen; Joshua Wilson; Dave Wiseman; Inactive: Avery Johnson, Chase Marty, Peter Graffy",Madison Radicals,8,2019
113,Daniel Bates; Patrick Cashman; Nicholas Dacquisto; Saurav Dubey; Benjamin Feldman; Jesse Greenberg; Cole Jensen; Alex Jirele; Michael Jordan; James Kittlesen; Josh Klane; Isaac Leonard; Brandon Matis; Mitchell McCarthy; Zac Merie; Drew Otterlei; Grayson Pangburn; Alan Scarth; Jordan Taylor**; Bryan Vohnoutka; Inactive: Mathew Ladyman,Minnesota Wind Chill,8,2019
114,André Arsenault; Malik Auger-Semmar; Philippe Bisson; Quentin Bonnaud; Stève Bonneau; Mathieu Bosser; Jakob Brissette; Estéban Ceballos**; Simon Charette; Laurent Faye; Vincent Gamache; Miguel Goderre; Kevin Groulx; Vincent Lemieux; Gabriel Monfette; Sacha Poitte- Sokolsky ; Kevin Quinlan; Quentin Roger; Jacob Saunders; Christophe Tremblay Joncas ; Inactive: Nabil Chaouch,Montreal Royal,8,2019
115,"Albert Alarcon; Josue Alorro; Jeff Babbitt; Marques Brownlee; Mike Drost; Ryan Drost; Harper Garvey; Alex Isik**; Benjamin Jagt; Ben  Katz; Beau Kittredge ; Conor Kline; Elliot Lee; Matthew Lemar; Grant Lindsley; Jibran Mieser; TJ Stanton**; Matthew Stevens; Matthew Wieintraub**; Jack Williams; Inactive: Matthew Auletta, Ryan Brown",New York Empire,8,2019
116,Alec Arsenault; Tait Becke; Geoff Bevan; Nick Boucher; David Colic; Jon Hallett; Jeremy Hill; Erik Hunter; Karl Loiseau; Chad McCausland; Paul Mensah; Jonah Munoz; Adam O'Donnell; Andrew Ouchterlony; Paul Renaud; Bryce Ring; Braedan Robinson; Shintaro Tsukamoto; Carson Turner; Ryan Wallace ; Inactive: Ken Alexander,Ottawa Outlaws,8,2019
117,Mike Arcata; Dave Baer; Peter Burt; Dustin Damiano; Brice Dunn; Matt Esser; Ethan Fortin; Francisco Gomez; Austin Lillis; Greg Martin; Himalaya Mehta; Allan Michel; Sean Mott; Eric Nardelli; Nick Patel; James Pollard; Zac Sands; Marc Sands; Ryan Weaver; Scott Xu; Inactive: Billy Sickles,Philadelphia Phoenix,8,2019
118,Adam Burgess; Eike Cramer; Tyler DeGirolamo; Thomas Edmonds; Mark Fedorenko; Kenny Furdella; Nick Gigliotti; Chris Graber**; Robert Halvorsen; Jon Mast; Pat McMullen; Dayne Meyer; Steve Mogielski; Anson Reppermund; Max Sheppard; Alex Thomas; Jasper Tom**; Jimmy Towle; Sam VanDusen; Owen Watt; Inactive: Dylan Best,Pittsburgh Thunderbirds,8,2019
119,"Craig Anderson; Alex Bullock; Ryan Chard; Jacob Clary; James Franklin; Kellen Gray; Matthew Hankin; Larz Hanselman**; Ryan Hiser; Anish Indhupuru; Jack Kern; Jacob Lane; Josh Layton; Tim Lootens; Billy O'Bryan; Brandon Perales; Tanner Repasky; Bradley Seuntjens; Dustin Travaglini; Adam Vinson; Inactive: Adam Carr, Andrew Roney",Tampa Bay Cannons,8,2019
120,Andrew Carroll; Kieran Charnock; Scott Graham; Cameron Harris; Jacky Hau; Nathan Hirst; Jason Huynh; Dan Lafrance; Jason Lam; Iain Mackenzie; Isaiah Masek-Kelly; Thomson McKnight; Jerry Meron; Akifumi Muraoka; Jeremy Norden; Remi Ojo**; Geoff Powell; Ben Pries; Phil Turner; Adrian Yearwood**; Inactive: Bretton Tan,Toronto Rush,8,2019
121,Zack Avello; Sun Choi; Christian Gaeta; Brett Hulsmeyer; Elijah Jaime; William Johnson; Will Lindquist; Mac McClellan; Taylor Minch; Anders Olsen; Christian Olsen; Player Pierce; Carter Rae; Matt Smith; Daniel Sperling; Trenton Spinks; Austin Taylor; Alex Trautman; Kelvin Williams; Joel Wooten; Inactive: Josh Turner,Atlanta Hustle,9,2019
122,"Mutahir Ahmad; Matt Bierschenk; Eric Brodbeck; Brandon Dial; Derek Fan; Brian Gfroerer; Jason Holleran; Carter Hollo; Robert Lewis; Michael Matthis; Corey Mika; Nash Mock; Elliott Moore; Rory Orloff; Doug Richardson; Paul Starkel; Andrew Walch; Joseph Wiley; Jerrod Wolfe; Jimmy Zuraw; Inactive: Kyle Henke, Ethan Pollack, Mick Walter",Austin Sol,9,2019
123,Zubair Abdulla; Ross Barker; Jeremy Burril; Michael Egan; Charlie Furse; Tommy Gallagher; Jeff Holm; Pawel Janas; Joey Kennedy; Karl Kingma; Danny Miller; Michael Pardo; Matt Rehder; Alex Rummelhart; Jack Shanahan; Drew Swanson; Jimmy Sykora; Cal Tornabene; Jeff Weis; Nick Zeman; Inactive: Seth Weaver,Chicago Wildfire,9,2019
124,"Jarrod Banks; Quinn Bergeron; Garrett Braun; Max Cassell; Alexandre Fall; Jeremy Hess; Cody Johnston; Jeremy Knopf; Xavier Maxstadt; Matthew McDonnell; Anthony McLean; AJ Merriman; Jacques Nissen; Zach Norrbom; Houston Parks; Leo Pierson; Joe Richards; David Shields; Dane Warner; Jeff Wodatch; Inactive: Matt Cullom, Matt Neeley",DC Breeze,9,2019
125,Kevin Anthony; Jimmy Baker Jr**; Josh Beaulieu; Alex Bertoia; Ben Cheer; Kevin Coulter; Joe Cubitt; Mitch DeNooyer; Jon Gibson; Ashton Hoffman; David Innis; Austin Johnson; Jordan Kinde; Kevin Nicholl; Justin Perticone; Austin Riegel; Joe Rogers; Jeff Schubert; Andrew Sjogren; Mark Whitton,Detroit Mechanix,9,2019
126,Cameron Brock; Peter Carleton; Travis Carpenter; Sam Ellison; Rick Gross; Alex Henderson; Conner Henderson; David Hortemiller; Nick Hutton; Levi Jacobs; John Jones; Jeremy Keusch; Spencer Loscar; Chris Miller**; Keegan North; Keenan Plew; Colin Ringwood; Donovan Triplett; Aaron Weaver; Zach Zebarth; Inactive: Brett Matzuka,Indianapolis Alleycats,9,2019
127,"Tyler Bacon; Jacob Bartholowmew; Timmy Beatty; Xavier Charles; Kyle Conniff; Alex Drum; Collin  Gall; Joc Jimenez; Nate Kirchoffer; Michael Kiyoi; Danny Landesman; Sean MCDougall; Andrew Padula; Nate Ransom; Jeff Silverman; Ryan  Smith; Mitchell Steiner; Zachary Theodore; Matt Theologidy; Aaron Weaver; Inactive: Sam Plasman, Eric Lissner",Los Angeles Aviators,9,2019
128,"Tom Annen; Nate Bosscher; Kevin Brown; Colin Camp; Peter Graffy; Colin Grandon; Avery Johnson; Jack Kelly; Sterling Knoche; Victor Luo; Chase Marty; Jeff Maskalunas; Andrew Meshnick; Seth Meyer; Kevin Pettit-Scantling; Dylan Power; Pat Shriwise; Kyle Weigand; Chris Wilen; Joshua Wilson; Inactive: Dave Wiseman, Ben Nelson, Thomas Coolidge",Madison Radicals,9,2019
129,Cameron Burden; Nick Daquisto; Thomas Echols; Jesse Greenberg; Kristian Johnson; Michael Jordan; James Kittlesen; Josh Klane; Mathew Ladyman; Isaac Leonard; Brandon Matis; Brendan McCann; Mitchell McCarthy; Drew Otterlei; Josh Poterack; Alan Scarth; Quinn Snider; Jordan Taylor; Bryan Vohnoutka; Ryan Welch; Inactive: Alex Jirele,Minnesota Wind Chill,9,2019
130,Malik Auger-Semmar; Philippe Bisson; Quentin Bonnaud; Stève Bonneau; Mathieu Bosser; Jakob Brissette; Estéban Ceballos; Nabil Chaouch; Simon Charette; Laurent Faye; Vincent Gamache; Miguel Goderre; Kevin Groulx; Vincent Lemieux; Gabriel Monfette; Sacha Poitte- Sokolsky ; Kevin Quinlan; Quentin Roger; Jacob Saunders; Christophe Tremblay Joncas; Inactive: André Arsenault,Montreal Royal,9,2019
131,Albert Alarcon; Josue Alorro; Jeff Babbitt; Ryan Brown**; Marques Brownlee; Mike Drost; Ryan Drost; Sam Feder**; Harper Garvey; Alex Isik**; Benjamin Jagt; Ben  Katz; Beau  Kittredge; Conor Kline; Elliot Lee; Matthew Lemar; Jibran Mieser; Matthew Stevens; Matthew Weintraub; Jack Williams; Inactive: Grant Lindsley,New York Empire,9,2019
132,Ken Alexander; Alec Arsenault; Geoff Bevan; Nick Boucher; Kyle Cantal; David Colic; Greg Ellis; Jon Hallett; Jeremy Hill; Erik Hunter; Jeff Lindquist; Karl Loiseau; Paul Mensah; Matt O'Brien; Adam O'Donnell; Andrew Ouchterlony; Erich Phang-Lyn; Paul Renaud; Braedan Robinson; Carson Turner,Ottawa Outlaws,9,2019
133,"John Buss; Marquis Cofer; Eike Cramer; Thomas Edmonds; Kenny Furdella; Chris Graber**; Jack Hefferon; Jon Mast; Pat McMullen; Dayne Meyer**; Steve Mogielski; Anson Reppermund; Jordan Robarge; Max Sheppard**; Alex Thomas; Jasper Tom; Jimmy Towle; Sam VanDusen; David Vatz; Owen Watt; Inactive: Mark Fedorenko, Dylan Best",Pittsburgh Thunderbirds,9,2019
134,Nathan Bridges; Jesse Cohen; Travis Dunn; Wesley Groth; Aidan Hall; Sean Ham; Jonathan Helton; Dom Leggio; Steven Milardovich; Tim Okita; Marcel Osborne; Trevor Purdy; Scott Radlauer; David Ritchie; Kyle Rubin; Ryo Senda; Mark Slader; Michael Tran; William Turner; Bailey Wu; Inactive: Sam Fontaine,San Diego Growlers,9,2019
135,"Jacob Bruner; Antoine Davis; Ethan Falat; Brandon Fein; Sean Hyslop; Ben Levinsky; Alexander Morris; Justin Norden; Zach Orsmby; Alex Pien; Brian Roach; Marcelo Sanchez; Jackson Stearns; Gabe Taylor; Skylor Taylor; Munis Thahir; Glenn Wysen; Inactive: Lior Givol, Keenan Laurence, Mike Becich",San Jose Spiders,9,2019
136,Jack Brown; Mark Burton; Dennis Casio; Eide Charlie; Zhi Chen; Will Coffin; Sam Cook; Khalif El-Salaam; Bryson Fox; Peter Geertz-Larson; Brad Houser; Smart Kodi; Steph Lim; Nick Mahan; Marc Munoz; Henry Phan; John Quandt; June Rapisura; Zach Sabin; Keegan Taggart; Inactive: Shane Worthington,Seattle Cascades,9,2019
137,Craig Anderson; Adam Carr; Jacob Clary; James Franklin; Matthew Hankin; Ryan Hiser; John Holk; Jack Kern; Jacob Lane; Tim Lootens; Billy O'Bryan; Unmil Patel; Bobby Patterson; Tanner Repasky; Andrew Roney; Bradley Seuntjens; Dustin Travaglini; Nathan Vickroy; Adam Vinson; Hayden Wachob; Inactive: Josh Layton,Tampa Bay Cannons,9,2019
138,Andrew Carroll; Kieran Charnock; Scott Graham; Cameron Harris; Jacky Hau; Nathan Hirst; Jason Huynh; Dan Lafrance; Jason Lam; Iain Mackenzie; Isaiah Masek-Kelly; Thomson McKnight; Jerry Meron; Akifumi Muraoka; Jeremy Norden; Remi Ojo**; Geoff Powell; Ben Pries**; Phil Turner; Adrian Yearwood**; Inactive: Bretton Tan,Toronto Rush,9,2019
