,Year,Week,Team,Actives
0,2019,1,Atlanta Hustle,Sam Batson; Sun Choi; Karl Ekwurtzel; Brett Hulsmeyer; Elijah Jaime; Matthew Knowles; Paul Lally**; Will Lindquist**; Mac McClellan; Taylor Minch; Javier Ortiz; Player Pierce**; Devon Rogers; Matt Smith; Trenton Spinks; Austin Taylor; Alex Trautman; Josh Turner; Kelvin Williams; Joel Wooten
1,2019,1,Austin Sol,Matthew Bennett; Michael Cramer; Chase Cunningham; Brandon Dial; Brian Gfroerer; Kyle Henke; Jason Holleran; Carter Hollo; Robert Lewis; Jeff Loskorn; Wuensch Mason; Michael Matthis; Rory Orloff; Ryan Purcell; Doug Richardson; Andrew Walch; John Walter; Jerrod Wolfe; Joshua Zdrodowski; Jimmy Zuraw
2,2019,1,Dallas Roughnecks,Matthew Armour; Noah Chambers; Joel Clutton; Abe Coffin; Dan Emmons; Jay Froude; Henry Furuta; Dillon Larberg; Ben Lewis; Brandon Malecek; Zach Marbach; Kai Marshall; Kaplan Maurer; Griffin Miller; Connor Olson; Stephen Poulos; Jake Reinhardt; Thomas Slack; Dalton Smith; Carson Wilder
3,2019,1,Los Angeles Aviators,Tyler Bacon; Tim Beatty; Kyle Conniff; Alex Drum; Collin Gall; Joc Jimenez; Michael Kiyoi; Ryan Lepore; Eric Lissner; Sean McDougall; Sam Plasman; Nate Ransom; Garrett Santi; Zac Schakner; Jeff Silverman; Ryan Smith; Mitchell Steiner; Zachary Theodore; Matt Theologidy; Aaron Weaver
4,2019,1,Raleigh Flyers,Kiron Allen; Jacob Fairfax; Henry Fisher; Mischa Freystaetter; Josh Hartzog; JD Hastings; Allan Laviolette; Johnnie Lynch; Tim McAllister; Andrew McKelvey; Terrence Mitchell; Jacob Mouw; Charlie Muniz ; Jeff Nordgren; Jakeem Polk; David Richardson; Noah Saul; Eric Taylor; Ross Ward; Sol Yanuck
5,2019,1,San Diego Growlers,Nathan Bridges; Travis Dunn; Sam Fontaine; Wesley Groth; Jake Gutkowski; Sean Ham; Jonathan Helton; Maxwell Hume; Andrew Kohl; Joshua Kohl; Mark (Dom) Leggio; Steven Milardovich; Marcel Osborne; Trevor Purdy; Scott Radlauer; Ryo Senda**; Mark Slader; Michael Tran; William Turner; Bailey Wu
6,2019,1,San Jose Spiders,Chuck Cao; Steven Chang; Matt Crawford; Antoine Davis; Ethan Falat; Brandon Fein; Lior Givol; Jacob Greenberg; Keenan Laurence; Ben Levinsky; Justin Norden; Alex Pan; Mark Philipson; Brian Roach; Marcelo Sanchez; Earley Shane; Jackson Stearns; Gabe Taylor; Munis Thahir; Robert Yeagle
7,2019,1,Seattle Cascades,Jesse Bolton; Jay Boychuk; Jack Brown; Mark Burton; Dennis Casio; Zhi Chen; William Coffin; Charlie Eide; Khalif El-Salaam; Kahyee Fong**; Peter Geertz-Larson; Brad Houser; Thomas Lassetter; Steph Lim; Nick Mahan**; Marc Munoz; Henry Phan; Kodi Smart; Keegan Taggart; Shane Worthington**
8,2019,1,Tampa Bay Cannons,Craig Anderson; Alex Bullock; Adam Carr; Ryan Chard; Jacob Clary; James Franklin; Ryan Hiser; Jack Kern; Josh Layton; Tim Lootens; Billy O'Bryan; Unmil Patel; Bobby Patterson; Brandon Perales; Tanner Repasky; Andrew Roney; Bradley Seuntjens; Dustin Travaglini; Adam Vinson; Hayden Wachob
9,2019,2,Atlanta Hustle,Zach Avello; Josh Bush; Sun Choi; Jason Crowe; Karl Ekwurtzel; Brett Hulsmeyer; Elijah Jaime; Matthew Knowles; Paul Lally; Mac McClellan; Christian Olsen; Player Pierce; Carter Rae; Devon Rogers; Matt Smith; Trenton Spinks**; Austin Taylor; Alex Trautman; Josh Turner; Kelvin Williams
10,2019,2,Austin Sol,Matthew Bennett; Mitch Bennett; Matt Bierschenk; Eric Brodbeck; John Cecil; Michael Cramer; Brian Gfroerer; Kyle Henke; Robert Lewis; Jeff Loskorn; Michael Matthis; Rory Orloff; Ethan Pollack; Ryan Purcell; Doug Richardson; Austin Walker; John Walter; Mason Wuensch; Joshua Zdrodowski; Jimmy Zuraw
11,2019,2,Dallas Roughnecks,Matthew Armour; Alex Brouwer; Noah Chambers; Joel Clutton; Abe Coffin; Dan Emmons; Jay Froude; Abe Gambert; Matt Jackson; Ben Lewis; Kai Marshall; Kaplan Maurer; Wesley Miaw; Griffin Miller; Stephen  Poulos; Jake Reinhardt; Dalton Smith; Connor  Ughetta; Sam Ward; Carson Wilder
12,2019,2,DC Breeze,Jarrod Banks; Quinn Bergeron; David Bloodgood; Jay Boyle; Garrett Braun; Max Cassell**; Matt Cullom**; Kristopher Harrison; Cody Johnston; Xavier Maxstadt; Matthew McDonnell; Anthony McLean; Ray Mendoza; AJ Merriman; Matt Neeley; Houston Parks; Nathan Prior; David Shields; Kyle Vezina; Dane Warner
13,2019,2,Indianapolis AlleyCats,Cameron Brock; Peter Carleton; Travis Carpenter; Kyle Cox; Sam Ellison**; Rick Gross; Alex Henderson; Conner Henderson; David Hortemiller; Dusty Hughes; Nick Hutton; Levi Jacobs; Heath Kalaba; Spencer Loscar; Brett Matzuka; Chris Miller**; Keegan North; Keenan Plew; Colin Ringwood; Donovan Triplett
14,2019,2,Los Angeles Aviators,Tyler Bacon; Tim Beatty; Xavier Charles; Alex Drum; Collin Gall; Joc Jimenez; Nate Kirchhofer; Michael Kiyoi; Danny Landesman; Eric Lissner; Sean McDougall; Sam Plasman; Nate Ransom; Zachary Schakner; Jeff Silverman; Mitchell Steiner; Matt Theologidy; Zachary Theordore; Evan Valdez; Aarom Weaver
15,2019,2,Madison Radicals,Nate Bosscher; Kevin Brown; Colin Camp; Thomas Coolidge; Colin Grandon; Avery Johnson; Sterling Knoche; Michael Kobyra; Victor Luo; Chase Marty; Andrew Meshnick; Ben Nelson; Kevin Pettit-Scantling; Logan Pruess; Brett Robinson; Pat Shriwise; Daniel Vockeroth; Chris Wilen; Joshua Wilson; Dave Wiseman
16,2019,2,New York Empire,Albert Alarcon; Josue Alorro; Matthew Auletta; Jeff Babbitt; Ryan Brown; Marques Brownlee; Mike Drost; Ryan Drost; Harper Garvey; Alex Isik; Ben Jagt; Ben Katz**; Beau Kittredge; Conor Kline; Matt Lemar; Grant Lindsley; TJ Stanton; Matthew Stevens; Matthew Weintraub; Jack Williams
17,2019,2,Raleigh Flyers,Justin Allen ; Chuck Cantone; Andrew Cohen; Kamron Daftari; Jacob Fairfax; Henry Fisher; Mischa Freystaetter; Tristan Green; Allan Laviolette; Johnnie Lynch; Andrew McKelvey; Terrence Mitchell; Charlie Muniz ; Jakeem Polk; David Richardson; Noah Saul; Vikram Sethuraman; Eric Taylor; Ross Ward; Sol Yanuck
18,2019,2,San Diego Growlers,Travis Dunn; Sam Fontaine; Wesley Groth; Jake Gutkowski; Aidan Hall; Sean Ham; Jonathan Helton; Maxwell Hume; Joseph Huppert; Steven Milardovich; Marcel Osborne; Trevor Purdy; Scott Radlauer; David Ritchie; Kyle Rubin; Ryo Senda; Kyle Smith; Reggie Sung; William Turner; Bailey Wu
19,2019,2,San Jose Spiders,Chuck  Cao; Steven Chang; Matt Crawford; Antoine Davis; Shane Earley; Ethan Falat; Brandon Fein; Jacob Greenberg; Keenan Laurence; Ben Levinsky; Justin Norden; Mark Philipson; Cyrus Ready Campbell; Brian Roach; Marcelo Sanchez; Aaron  Shi; Jackson Stearns; Skylohr Taylor; Gabe Taylor; Munis Thahir
20,2019,3,Atlanta Hustle,"Zack Avello; Josh Bush; Sun Choi; Jason Crowe; Phillip Dougherty; Karl Ekwurtzel; Matthew Knowles; Mac McClellan; Christian Olsen; Javier Ortiz; Jaime Perez; Player Pierce; Carter Rae; Matt Smith; Trenton Spinks; Austin Taylor; Alex Trautman; Josh Turner; Kelvin Williams; Joel Wooten; Inactive: Elijah Jaime, Brett Hulsmeyer"
21,2019,3,Austin Sol,"Mitch Bennett; Matthew Bennett; Matt Bierschenk; Eric Brodbeck; John Cecil; Zach Cotter; Brian Gfroerer; Kyle Henke; Jason Holleran; Carter Hollo; Robert Lewis; Jeff Loskorn; Michael Matthis; Ethan Pollack; Doug Richardson; John Walter; Keivaun Waugh; Mason Wuensch; Joshua Zdrodowski; Jimmy Zuraw; Inactive: Rory Orloff, Ryan Purcell"
22,2019,3,Chicago Wildfire,Ross Barker; Jeremy Burril; Tommy Gallagher; Brenton Hard**; Pawel Janas; Jesse Johnson; Karl Kingma; David Meinecke; Danny Miller; Zane Rankin; Matt Rehder; Alex Rummelhart; Jack Shanahan; Drew Swanson; Jimmy Sykora; Cal Tornabene**; Seth Weaver; Jeff Weis; Dave Woods; Nick Zeman
23,2019,3,Dallas Roughnecks,"Matthew Armour; Noah Chambers; Joel Clutton; Abe Coffin; Dan Emmons; Jay Froude; Dillon Larberg; Ben Lewis; Brandon Malecek; Zach Marbach; Kai Marshall; Kaplan Maurer; Griffin Miller; Connor  Olson; Jake Reinhardt; Ben Rogers; Thomas Slack; Dalton Smith; Connor  Ughetta; Carson Wilder; Inactive: Casey Hogg, Alex Brouwer"
24,2019,3,DC Breeze,Jarrod Banks; Quinn Bergeron; David Bloodgood; Jay Boyle; Garrett Braun; Max Cassell; Matt Cullom; Cody Johnston; Alex Liu; Xavier Maxstadt; Matthew McDonnell; Anthony McLean; Ray Mendoza; AJ Merriman; Matt Neeley; Houston Parks; Nathan Prior; Kevin Versteeg; Kyle Vezina; Dane Warner
25,2019,3,Detroit Mechanix,Kevin Anthony; James Baker Jr.**; Joshua Beaulieu**; Alexander Bertoia; Benjamin Cheer; Kevin Coulter; Joseph Cubitt; Mitchell DeNooyer; Karl Fauerbach; Wasdi Grimaldo B.; Ashton Hoffman; David Innis**; Austin Johnson; Jordan Kinde; Justin Perticone; Troy Roberts; Joe Rogers; Jeffery Schubert; Andrew Sjogren; Mark Whitton
26,2019,3,Indianapolis AlleyCats,"Cameron Brock; Travis Carpenter; Kyle Cox; Jacob Fella**; Rick Gross; Alex Henderson; Conner Henderson; David Hortemiller; Dusty Hughes; Nick Hutton; Levi Jacobs; John Jones; Jeremy Keusch; Spencer Loscar; Chris Miller; Keegan North; Keenan Plew; Colin Ringwood**; Donovan Triplett; Zach Zebarth**; Inactive: Peter Carleton, Brett Matzuka"
27,2019,3,Los Angeles Aviators,Tyler Bacon**; Alex Drum; Collin  Gall; Joc Jimenez; Nate Kirchhofer**; Michael Kiyoi**; Ian Ladner; Danny Landesman; Ryan  Lepore; Wayne Lu; Sean McDougall; Sam Plasman; Nate Ransom; Zac Schakner; Jeff Silverman; Ryan  Smith; Mitchell Steiner; Zachary Theodore; Matt Theologidy; Aaron Weaver; Inactive: Xavier Charles
28,2019,3,Madison Radicals,"Tarik Akyuz; Tom Annen; Nate Bosscher; Colin Camp; Thomas Coolidge; Peter  Graffy; Colin Grandon; Avery Johnson; Sterling Knoche; Chase Marty; Andrew Meshnick; Seth Meyer; Ben Nelson; Kevin Pettit-Scantling; Dylan Power; Logan Pruess; Pat Shriwise; Chris Wilen; Joshua Wilson; Dave Wiseman; Inactive: Kevin Brown, Victor Luo"
29,2019,3,Minnesota Wind Chill,"Daniel Bates; Cameron Burden; Dylan DeClerck; Jesse Greenberg; Tate Halberg; Kristian Johnson; Michael Jordan; James Kittlesen; Josh Klane; Mathew Ladyman; Isaac Leonard; Brandon Matis; Brendan McCann; Mitchell McCarthy; Grayson Pangburn; Alan Scarth; Quinn Snider; Jordan Taylor; Bryan Vohnoutka; Ryan Welch; Inactive: Ethan Rasmussen, Jason Tschida"
30,2019,3,Philadelphia Phoenix,Mike Arcata; David Baer; Matt Ballman; Mike Campanella; Dustin Damiano; Patrick Diviney; Brice Dunn; Matt Esser; Ethan Fortin; Trey Katzenbach; Austin Lillis; Himalaya Mehta; Sean Mott; Nick Patel; Ethan Peck; James Pollard ; Zac Sands; Marc Sands; Billy Sickles; Ryan Weaver
31,2019,3,Pittsburgh Thunderbirds,Dylan Best; Adam Burgess; John Buss; Marquis Cofer; Thomas Edmonds; Mark Fedorenko; Chris Graber; Robert Halvorsen; Justin Kinkead; Jon Mast; Steve May; Pat McMullen; Dayne Meyer; Steve Mogielski; Anson Reppermund; Max Sheppard; Alex Thomas; Jimmy Towle; David Vatz; Owen Watt; Inactive: Noah Robinson
32,2019,3,San Diego Growlers,"Nathan Bridges; Travis Dunn; Sam Fontaine; Wesley Groth; Jake Gutkowski; Aidan Hall; Maxwell Hume; Joseph Huppert; Joshua Kohl; Mark (Dom) Leggio; Steven Milardovich; Tim Okita; Marcel Osborne; Scott Radlauer; Ryo Senda; Mark Slader; Reggie Sung; Michael Tran; William Turner; Bailey Wu; Inactive: Jonathan Helton, Sean Ham"
33,2019,3,San Jose Spiders,"Chuck  Cao; Matt Crawford; Ethan Falat; Brandon Fein; Jacob Greenberg; Keenan Laurence; Ben Levinsky; Nick Murphy; Justin Norden; Alex Pan; Mark Philipson; Brian Roach; Marcelo Sanchez; Aaron  Shi; Jackson Stearns; Skylohr Taylor; Gabe Taylor; Munis Thahir; Kevin Tien; Robert Yeagle; Inactive: Antoine Davis, Lior Givol"
34,2019,3,Seattle Cascades,"Jay Boychuk; Dennis Casio; William Coffin; Charlie Eide; Bryson Fox; Xtehn Frame; Peter Geertz-Larson; Brad Houser; Wally Kasprzycki; Steph Lim; Nick Mahan; Charlie Mercer; Marc Munoz; Henry Phan; June Rapisura; Zach Sabin; Ryan Segal; Kodi Smart; Keegan Taggart; Shane Worthington; Inactive: Mark Burton, Khalif El-Salaam"
35,2019,3,Tampa Bay Cannons,"Brandon Allen; Jack Barrow; Alex Bullock; Adam Carr; Jacob Clary; James Franklin; Larz Hanselman; Ryan Hiser; Jacob Lane; Tim Lootens; Josh McKisic; Billy O'Bryan**; Unmil Patel; Bobby Patterson**; Tanner Repasky; Andrew Roney; Bradley Seuntjens; Dustin Travaglini**; Hayden Wachob; Javier Yañez; Inactive: Nathan Vickroy, Ryan Chard"
36,2019,4,Atlanta Hustle,"Zack Avello; Sam Batson; Sun Choi; Jason Crowe; Karl Ekwurtzel; Christian Gaeta; Matthew Knowles; Paul Lally; Taylor Minch; Christian Olsen; Javier Ortiz; Jaime Perez; Player Pierce; Devon Rogers; Matt Smith; Trenton Spinks; Austin Taylor; Alex Trautman; Josh Turner; Kelvin Williams; Inactive: Brett Hulsmeyer, Joel Wooten"
37,2019,4,Detroit Mechanix,"Joshua Beaulieu; Alexander Bertoia; Kevin Coulter; Joseph Cubitt; Dex Dremann; Karl Fauerbach; Ed Fox; Wasdi Grimaldo B.; Tyler Hebert; Ashton Hoffman; David Innis; Jordan Kinde; Jonathan Lee; Kevin Nicholl; Neil Proefrock; Austin Riegel; Troy Roberts; Jeffery Schubert; Sam Sincere; Andrew Sjogren; Inactive: Mark Whitton, Joe Rogers"
38,2019,4,Indianapolis AlleyCats,"Cameron Brock; Nathan Bussberg; Travis Carpenter; Kyle Cox; Terry Gaither; Rick Gross; Nathan Hershberger; Dusty Hughes; Nick Hutton; Levi Jacobs; Jesse Jenkins; John Jones; Spencer Loscar; Brett Matzuka; Keegan North; Shawn Owen; Keenan Plew; Colin Ringwood; Colton Steiner; Donovan Triplett; Inactive: Alex Henderson, David Hortemiller"
39,2019,4,Los Angeles Aviators,"Tyler Bacon; Kyle Conniff; Alex Drum; Joc Jimenez; Nate Kirchoffer; Michael Kiyoi; Danny Landesman; Crash Lepore; Wayne Lu; Sean McDougall; Andrew Padula; Sam Plasman; Nate Ransom; Garrett Santi; Zac Schakner; Jeff Silverman; Ryan Smith; Mitchell Steiner; Zach Theodore; Aaron Weaver; Inactive: Tim Beatty, Ian Ladner"
40,2019,4,Minnesota Wind Chill,"Daniel Bates; Cameron Burden; Saurav Dubey; Jesse Greenberg; Tate Halberg; Kristian Johnson**; Michael Jordan; James Kittlesen; Josh Klane; Mathew Ladyman; Isaac Leonard; Brandon Matis; Mitchell McCarthy; Drew Otterlei; Grayson Pangburn; Ethan Rasmussen; Quinn Snider; Jordan Taylor; Bryan Vohnoutka; Ryan Welch; Inactive: Brendan McCann, Alan Scarth"
41,2019,4,Montreal Royal,André Arsenault; Malik Auger-Semmar; Philippe Bisson; Quentin Bonnaud; Stève Bonneau; Mathieu Bosser; Jakob Brissette; Estéban Ceballos; Simon Charette; Laurent Faye; Vincent Gamache; Miguel Goderre; Kevin Groulx; Vincent Lemieux; Gabriel Monfette; Sacha Poitte- Sokolsky ; Kevin Quinlan; Quentin Roger; Jacob Saunders; Christophe Tremblay Joncas
42,2019,4,New York Empire,Albert Alarcon; Josue Alorro**; Matthew Auletta; Jeff Babbitt; Ryan Brown; Marques Brownlee; Mike Drost; Ryan Drost; Harper Garvey; Ben Jagt; Ben Katz; Beau Kittredge; Conor Kline; Matthew Lemar; Grant Lindsley; Jibran Mieser; TJ Stanton**; Matthew Stevens; Matthew Weintraub; Jack Williams
43,2019,4,Ottawa Outlaws,Derek Alexander; Ken Alexander**; Alec Arsenault; Geoff Bevan; Nick Boucher; Kyle Cantal; David Colic; Greg Ellis; Jon Hallett; Jeremy Hill**; Jeff Lindquist; Karl Loiseau; Paul Mensah; Matt O'Brien; Adam O'Donnell; Andrew Ouchterlony; Erich Phang-Lyn; Paul Renaud; Braedan Robinson; Carson Turner
44,2019,4,Philadelphia Phoenix,"Shashank Alladi; Mike Arcata; Matt Ballman; Peter Burt; Dustin Damiano; Patrick Diviney; Brice Dunn; Matt Esser; Ethan Fortin; Evan Karson; Colin Masino; Himalaya Mehta; Sean Mott; Eric Nardelli; Nick Patel; Ethan Peck; Zac Sands; Billy Sickles; Ryan Weaver; Scott Xu; Inactive: Dave Baer, Marc Sands, Trey Katzenbach"
45,2019,4,Pittsburgh Thunderbirds,"John Buss; Marquis Cofer; Marquis Cofer; Mark Fedorenko**; Kenny Furdella; Nick Gigliotti; Chris Graber; Robert Halvorsen; Jack Hefferon; Justin Kinkead; Jon Mast; Dayne Meyer; Steve Mogielski; Anson Reppermund; Max Sheppard; Alex Thomas; Jimmy Towle; Sam VanDusen; David Vatz; Owen Watt; Inactive: Dylan Best, Thomas Edmonds"
46,2019,4,Raleigh Flyers,"Tanner Barcus; Chuck Cantone; Andrew Cohen; Joey Cretella; Kamron Daftari; Jacob Fairfax; Henry Fisher; Sam Gabrielson; Josh Hartzog; Terrence Mitchell; Charlie Muniz ; Jeff Nordgren; Jordan Perry; Jakeem Polk; David Richardson; Grayson Sanner; Vikram Sethuraman; Shane Sisco; Eric Taylor; Sol Yanuck; Inactive: Noah Saul, Allen Laviolette"
47,2019,4,San Diego Growlers,"Hall Aidan; Ritchie David; Helton Jonathan; Rubin Kyle; Slader Mark; Leggio Mark (Dom); Hume Maxwell; Tran Michael; Dehnbostel Mike ; Bridges Nathan; Sung Reggie; Senda Ryo; Fontaine Sam; Radlauer Scott; Milardovich Steven; Okita Tim; Dunn Travis; Purdy Trevor; Groth Wesley; Turner William; Inactive: Sean Ham, Marcel Osborne"
48,2019,4,Seattle Cascades,"Jesse Bolton**; Jay Boychuk; Dennis Casio; William Coffin; Alex Duffel; Khalif El-Salaam; Bryson Fox; Xtehn Frame; Peter Geertz-Larson; Brad Houser; Wally Kasprzycki; Thomas Lassetter; Nick Mahan; Charlie Mercer; Marc Munoz; Henry Phan; June Rapisura; Ryan Segal; Kodi Smart; Shane Worthington; Inactive: Mark Burton, Zach Sabin, Steph Lim"
49,2019,4,Toronto Rush,"Connor Armstrong; Andrew Carroll; Scott Graham; Cameron Harris; Jacky Hau; Nathan Hirst; Jason Huynh; Jason Lam; Iain Mackenzie; Isaiah Masek-Kelly; Thomson McKnight; Jerry Meron**; Akifumi Muraoka; Jeremy Norden; Remi Ojo; Geoff Powell; Ben Pries**; Bretton Tan; Phil Turner; Marijo Zlatic; Inactive: Adrian Yearwood, Mike Mackenzie"
50,2019,5,Atlanta Hustle,"Hayden Austin-Knabb; Zack Avello; Hulsmeyer Brett; Phil Dougherty; Karl Ekwurtzel; Christian Gaeta; Elijah Jaime; Matthew Knowles; Will Lindquist; Mac McClellan; Christian Olsen; Javier Ortiz; Player Pierce; Carter Rae; Matt Smith; Coleman Tappero; Austin Taylor; Alex Trautman; Josh Turner; Kelvin Williams; Inactive: Trenton Spinks, Sun Choi"
51,2019,5,Austin Sol,Matthew Bennett; Reese Bowman; John Cecil; Michael Cramer; Brian Gfroerer; Kyle Henke; Jason Holleran; Carter  Hollo; Robert Lewis; Michael Matthis; Elliott Moore; Rory Orloff; Ethan Pollack; Ryan Purcell; Doug Richardson; Andrew Walch; John Walter; Keivaun Waugh; Mason Wuensch; Joshua Zdrodowski; Inactive: Chase Cunningham
52,2019,5,Chicago Wildfire,Von Alanguilan; Ross Barker; Tim Fergus; Charlie Furse; Tommy Gallagher; Pawel Janas; David Meinecke; Danny Miller; Michael Pardo; Matt Rehder; Alex Rummelhart; Jack Shanahan; Drew Swanson**; Jimmy Sykora; Cal Tornabene; Jason Vallee; Seth Weaver; Jeff Weis; Jesse White; Nick Zeman; Inactive: Michael Egan
53,2019,5,DC Breeze,Quinn Bergeron; David Bloodgood; Garrett Braun; Max Cassell; Matt Cullom; Cody Johnston; Peter Mancini; Xavier Maxstadt; Matthew McDonnell; Anthony McLean; Ray Mendoza; Zach Norrbom; Houston Parks; Leo Pierson; Nathan Prior; Joe Richards; David Shields; Kevin Versteeg; Dane Warner; Jeff Wodatch; Inactive: AJ Merriman
54,2019,5,Detroit Mechanix,Jimmy Baker Jr; Alexander Bertoia; Joey Cari; Ben Cheer; Kevin Coulter; Joe Cubitt; Karl Fauerbach; Ashton Hoffman; David Innis; Austin Johnson; Jordan Kinde; Josh Osinski; Justin Perticone; Tyler Postema; Austin Riegel; Joe Rogers; Jeff Schubert; Sam Sincere; Andrew Sjogren; Mark Whitton
55,2019,5,Indianapolis Alleycats,"Cameron Brock; Peter Carleton; Travis Carpenter; Sam Ellison; Jacob Fella; Rick Gross; Alex Henderson; Conner Henderson; David Hortemiller; Nick Hutton; Levi Jacobs; John Jones; Jeremy Keusch; Spencer Loscar; Brett Matzuka; Keegan North; Keenan Plew; Colin Ringwood; Donovan Triplett; Aaron Weaver; Inactive: Kyle Cox, Zach Zebarth"
56,2019,5,Los Angeles Aviators,Tyler Bacon; Tim Beatty; Xavier Charles; Kyle  Conniff; Alex Drum; Collin Gall; Joc Jimenez; Nate Kirchoffer; Danny Landesman; Eric Lissner; Sean McDougall; Andrew Padula; Nate Ransom; Garrett Santi; Jeff Silverman; Ryan Smith; Mitchell Steiner; Zachary Theodore; Matt  Theologidy; Aaron Weaver; Inactive: Zac Schakner
57,2019,5,Minnesota Wind Chill,"Daniel Bates; Cameron Burden; Saurav Dubey; Jesse Greenberg; Scott Hearne; Michael Jordan; James Kittlesen; Josh Klane; Mathew Ladyman; Isaac Leonard; Brandon Matis; Brendan McCann; Mitchell McCarthy; Drew Otterlei; Grayson Pangburn; Josh Poterack; Alan Scarth; Jordan Taylor; Bryan Vohnoutka; Ryan Welch; Inactive: Ethan Rasmussen, Tate Halberg"
58,2019,5,Montreal Royal,André Arsenault; Malik Auger-Semmar; Quentin Bonnaud; Stève Bonneau; Mathieu Bosser; Jakob Brissette; Estéban Ceballos; Nabil Chaouch; Simon Charette; Laurent Faye; Vincent Gamache; Miguel Goderre; Kevin Groulx; Vincent Lemieux; Gabriel Monfette; Sacha Poitte- Sokolsky ; Kevin Quinlan; Quentin Roger; Jacob Saunders; Christophe Tremblay Joncas
59,2019,5,Ottawa Outlaws,Derek Alexander; Geoff Bevan; Nick Boucher; David Colic; Greg Ellis; Colin Froats; Jeremy Hill; Jeff Lindquist; Karl Loiseau; Chad McCausland; Paul Mensah; Adam O'Donnell; Andrew Ouchterlony; Erich Phang-Lyn; Paul Renaud; Braedan Robinson; Shintaro Tsukamoto; Carson Turner; Simon Walker; Ryan Wallace
60,2019,5,Philadelphia Phoenix,"Shashank Alladi; Mike Arcata; Peter Burt; Dustin Damiano; Matt Esser; Ethan Fortin; Stuart Hean; Evan Karson; Austin Lillis; Greg Martin; Himalaya Mehta; Sean Mott; Eric Nardelli; Nick Patel; Ethan Peck; James Pollard; Zac Sands; Marc Sands; Billy Sickles; Scott Xu; Inactive: Matt Ballman, Brice Dunn"
61,2019,5,Pittsburgh Thunderbirds,Dylan Best; Adam Burgess; John Buss; Thomas Edmonds; Mark Fedorenko; Nick Gigliotti; Chris Graber; Robert Halvorsen; Jack Hefferon; Jon Mast; Pat McMullen; Dayne Meyer; Steve Mogielski; Anson Reppermund; Jordan Robarge; Max Sheppard; Alex Thomas; Jimmy Towle; Sam VanDusen; Owen Watt; Inactive: David Vatz
62,2019,5,Raleigh Flyers,"Justin Allen; Kiron Allen; Chuck Cantone; Joey Cretella; Jacob Fairfax; Henry Fisher; Josh Hartzog; JD Hastings; Allan Laviolette; Johnnie Lynch; Tim McAllister; Terrence Mitchell; Charlie Muniz ; Jonathan Nethercutt; Jeff Nordgren; Jordan Perry; Vikram Sethuraman; Shane Sisco; Eric Taylor; Sol Yanuck; Inactive: Mischa Freystaetter, Jakeem Polk"
63,2019,5,San Diego Growlers,"Jesse Cohen; Travis Dunn; Sam Fontaine; Wesley Groth; Jake Gutkowski; Sean Ham; Jonathan Helton; Maxwell Hume; Joshua Kohl; Mark (Dom) Leggio; Steven Milardovich; Tim Okita; Marcel Osborne; Trevor Purdy; Scott Radlauer; Ryo Senda; Reggie Sung; William Turner; Inactive: Mark Slader, Nathan Bridges"
64,2019,5,San Jose Spiders,Mike Becich; Chuck  Cao; Steven Chang; Matt Crawford; Antoine Davis; Shane Earley; Ethan Falat; Brandon Fein; Lior Givol; Keenan Laurence; Justin Norden; Alex Pan; Mark Philipson; Marcelo Sanchez; Aaron  Shi; Jackson Stearns; Skylohr Taylor; Gabe Taylor; Kevin Tien; Berreman Wyatt; Inactive: Jacob Greenberg
65,2019,5,Seattle Cascades,Jay Boychuk; Mark Burton; Dennis Casio; Zhi Chen; Will Coffin; Charlie Eide; Khalif El-Salaam; Kahyee Fong; Bryson Fox; Peter Geertz-Larson; Brad Houser; Thomas Lassetter; Nick Mahan; Charlie Mercer; Marc Munoz; Henry Phan; John Quandt; June Rapisura; Zach Sabin; Shane Worthington; Inactive: Ryan Segal
66,2019,5,Toronto Rush,Connor Armstrong; Andrew Carroll; Cameron Harris; Jacky Hau; Nathan Hirst; Jason Huynh; Kevin Jay; Iain Mackenzie; Mike Mackenzie; Isaiah Masek-Kelly; Thomson McKnight; Jerry Meron; Akifumi Muraoka; Jeremy Norden; Geoff Powell; Ben Pries; Bretton Tan; Phil Turner; Bryan Yue; Marijo Zlatic; Inactive: Remi Ojo
67,2019,6,Atlanta Hustle,Sun Choi; Phillip Dougherty; Karl Ekwurtzel; Christian Gaeta; Brett Hulsmeyer; Elijah Jaime; Will Johnson; Matthew Knowles; Paul Lally**; Will Lindquist; Taylor Minch; Jeffery Minowa; Christian Olsen; Javier Ortiz; Carter Rae; Devon Rogers; Matt Smith; Austin Taylor; Josh Turner; Kelvin Williams; Inactive: Player Pierce
68,2019,6,Austin Sol,Matt Bennett; Matt Bierschenk; John Cecil; Brian Gfroerer; Kyle Henke; Jason Holleran; Carter Hollo; Bob Lewis; Jeff Loskorn; Michael Matthis; Corey Mika; Elliot Moore; Ethan Pollack; Andrew Walch; Mick Walter; Keivaun Waugh; Jerrod Wolfe; Mason Wuensch; Josh Zdrodowski; Jimmy Zuraw; Inactive: Mitch Bennett
69,2019,6,Chicago Wildfire,Zubair Abdulla; Ross Barker; Jeremy Burril; Charlie Furse; Tommy Gallagher; Brenton Hard; Pawel Janas; Jesse Johnson; Joey Kennedy; Karl Kingma; Judah Newman; Matt Rehder; Alex Rummelhart; Jack Shanahan; Drew Swanson; Jimmy Sykora; CJ O'Brien; Seth Weaver; Jeff Weis; Dave Woods; Inactive: Zane Rankin
70,2019,6,Dallas Roughnecks,"Matthew Armour; Abe Coffin; Dan Emmons; Henry Furuta; Abe Gambert; Gabe Hernandez; Dillon Larberg; Chris Larberg; Brandon Malecek; Kai Marshall; Kaplan Maurer; Wesley Miaw; Griffin Miller; Connor  Olson; Jake Reinhardt; Zach Riggins; Thomas Slack; Connor  Ughetta; Sam Ward; Carson Wilder; Inactive: Jay Froude, Dalton Smith, Ben Lewis"
71,2019,6,DC Breeze,"Jarrod Banks; Quinn Bergeron; Garrett Braun; Sam Brecker; Max Cassell; Jeremy Knopf; Alex Liu; Dennis Maclaine; Peter Mancini; Xavier Maxstadt; Matthew McDonnell; Ray Mendoza; AJ Merriman; Matt Neeley; Leo Pierson; Nathan Prior; Joe Richards; David Shields; Kevin Versteeg; Jeff Wodatch; Inactive: David Bloodgood, Cody Johnston"
72,2019,6,Indianapolis Alleycats,Cameron Brock; Peter Carleton; Travis Carpenter; Kyle Cox; Rick Gross; Alex Henderson; Conner Henderson; David Hortemiller; Dusty Hughes; Nick Hutton; Levi Jacobs; John Jones; Spencer Loscar; Brett Matzuka; Chris Miller; Keegan North; Keenan Plew; Colin Ringwood**; Donovan Triplett; Aaron Weaver
73,2019,6,Los Angeles Aviators,"Tyler Bacon; Jacob Bartholomew; Timmy Beatty; Calvin Brown; Kyle Conniff; Collin  Gall; Joc Jimenez; Nate Kirchoffer; KJ Koo; Danny Landesman; Wayne Lu; Sean MCDougall; Andrew Padula; Nate Ransom; Zac Schakner; Zac Schakner; Jeff Silverman; Ryan  Smith; Zachary Theodore; Aaron Weaver; Inactive: Michael Kiyoi, Mitchell Steiner, Eric Lissner"
74,2019,6,Madison Radicals,"Tarik Akyuz; Tom Annen; Nate Bosscher; Kevin Brown; Colin Camp; Thomas Coolidge; Colin Grandon; Avery Johnson; Sterling Knoche; Victor Luo; Chase Marty; Andrew Meshnick; Seth Meyer; Ben Nelson; Kevin Pettit-Scantling; Dylan Power; Logan Pruess; Pat Shriwise; Chris Wilen; Dave Wiseman; Inactive: Peter Graffy, Joshua Wilson"
75,2019,6,Minnesota Wind Chill,Daniel Bates; Cameron Burden; Patrick Cashman; Saurav Dubey; Jesse Greenberg; Alex Jirele; Kristian Johnson; Michael Jordan; James Kittlesen; Josh Klane; Mathew Ladyman; Isaac Leonard; Brandon Matis; Brendan McCann; Grayson Pangburn; Josh Poterack; Alan Scarth; Jordan Taylor; Bryan Vohnoutka; Ryan Welch; Inactive: Mitchell McCarthy
76,2019,6,New York Empire,Albert Alarcon; Josue Alorro; Jeff Babbitt; Jagt Benjamin; Ryan Brown; Marques Brownlee; Mike Drost; Ryan Drost; Harper Garvey; Mieser Jibran; Ben Katz; Beau Kittredge; Conor Kline; Elliot Lee; Matthew Lemar; Grant Lindsley; TJ Stanton; Matthew Stevens; Matthew Weintraub; Jack Williams; Inactive: Matthew Auletta
77,2019,6,Ottawa Outlaws,Ken Alexander; Alec Arsenault; Tait Becke; Geoff Bevan; Nick Boucher; Kyle Cantal; Greg Ellis; Jon Hallett; Jeremy Hill; Erik Hunter; Jeff Lindquist; Karl Loiseau; Paul Mensah; Matt O'Brien; Adam O'Donnell; Andrew Ouchterlony; Erich Phang-Lyn; Paul Renaud; Bryce Ring; Carson Turner; Inactive: Dave Colic
78,2019,6,Pittsburgh Thunderbirds,Dylan Best; Adam Burgess; Eike Cramer; Tyler DeGirolamo**; Thomas Edmonds; Mark Fedorenko; Kenny Furdella; Chris Graber; Robert Halvorsen; Jack Hefferon; Jon Mast; Pat McMullen; Dayne Meyer; Steve Mogielski; Anson Reppermund; Max Sheppard; Alex Thomas; Jimmy Towle**; Sam VanDusen; Owen Watt; Inactive: David Vatz
79,2019,6,Raleigh Flyers,"Justin Allen; Kiron Allen; Andrew Cohen; Kamron Daftari; Jacob Fairfax; Mischa Freystaetter; Sam Gabrielson; Josh Hartzog; JD Hastings; Terrence Mitchell; Jacob Mouw; Charlie Muniz ; Jeff Nordgren; Jordan Perry; David Richardson; Grayson Sanner; Noah Saul; Inactive: Tim McAllister, Chuck Cantone, Jonathan Nethercutt, Henry Fisher, Sol Yanuck, Eric Taylor"
80,2019,6,San Diego Growlers,"Nathan Bridges; Jesse Cohen; Mike Dehnbostel; Travis Dunn; Sam Fontaine; Sean Ham; Maxwell Hume; Andrew Kohl; Joshua Kohl; Ryan Lacy; Mark (Dom) Leggio; Steven Milardovich; Tim Okita; Marcel Osborne; Trevor Purdy; Scott Radlauer; Kyle Rubin; Mark Slader; Michael Tran; Bailey Wu; Inactive: Ryo Senda, Jonathan Helton, William Turner"
81,2019,6,San Jose Spiders,"Mike Becich; Wyatt Berreman; Jace Bruner; Antoine Davis; Shane Earley; Lior Givol; Keenan Laurence; Ben Levinsky; Alexander Morris; Justin Norden; Alex Pan; Mark Philipson; Cyrus Ready Campbell; Brian Roach; Marcelo Sanchez; Aaron  Shi; Jackson Stearns; Gabe Taylor; Munis Thahir; Glenn Wysen; Inactive: Ethan Falat, Steven Chang, Matt Crawford"
82,2019,6,Seattle Cascades,"Jay Boychuk; Mark Burton; Dennis Casio; Zhi Chen; Will Coffin; Sam Cook; Alex Duffel; Khalif El-Salaam; Bryson Fox; Peter Geertz-Larson; Thomas Lassetter; Steph Lim; Nick Mahan; Marc Munoz; John Quandt; June Rapisura; Zach Sabin; Henry Schneider; Ryan Segal; Shane Worthington; Inactive: Jesse Bolton, Kodi Smart"
83,2019,6,Tampa Bay Cannons,"Craig Anderson; Alex Bullock; Ryan Chard; Jacob Clary; James Franklin; Kellen Gray; Matthew Hankin; Ryan Hiser; Jack Kern; Jacob Lane; Tim Lootens; Unmil Patel; Bobby Patterson; Brandon Perales; Tanner Repasky**; Andrew Roney; Bradley Seuntjens; Dustin Travaglini; Nathan Vickroy; Hayden Wachob; Inactive: Billy O'Bryan, Adam Carr"
84,2019,6,Toronto Rush,"Andrew Carroll; Luc Comire; Cameron Harris; Jacky Hau; Nathan Hirst; Dan Lafrance; Wilkie Lewis; Iain Mackenzie; Isaiah Masek-Kelly; Thomson McKnight; Jerry Meron; Akifumi Muraoka; Jeremy Norden; Geoff Powell**; Ben Pries; Bretton Tan; Phil Turner; Adrian Yearwood; Bryan Yue; Marijo Zlatic; Inactive: Connor Armstrong, Jason Huynh"
85,2019,7,Atlanta Hustle,Phillip Dougherty; Karl Ekwurtzel; Brett Hulsmeyer; Elijah Jaime; Paul Lally; Will Lindquist**; Mac McClellan; Taylor Minch**; Jeffery Minowa; Christian Olsen; Player Pierce; Carter Rae; Devon Rogers; Matt Smith; Daniel Sperling**; Trenton Spinks**; Austin Taylor; Alex Trautman; Kelvin Williams; Joel Wooten; Inactive: Zach Avello
86,2019,7,Austin Sol,Mutahir Ahmad; Mitch Bennett; Matt Bennett; Reese Bowman; Eric Brodbeck; John Cecil; Zach Cotter; Brandon Dial; Derek Fan; Kyle Henke; Jason Holleran; Carter Hollo; Robert Lewis; Elliott Moore; Rory Orloff; Andrew Walch; Austin Walker; John Walter; Keiuvan Waugh; Jerrod Wolfe; Inactive: Joshua Zdrodowski
87,2019,7,Chicago Wildfire,Zubair Abdulla; Ross Barker; Michael Egan; Tim Fergus; Charlie Furse; Tommy Gallagher; Brenton Hard; Jeff Holm; Pawel Janas; Jesse Johnson; Karl Kingma; Judah Newman; Michael Pardo; Matt Rehder; Alex Rummelhart; Jack Shanahan; Drew Swanson; Jason Vallee; Seth Weaver; Jeff Weis
88,2019,7,Dallas Roughnecks,Matthew Armour; Abe Coffin; Dan Emmons; Jay Froude; Henry Furuta; Abe Gambert; Gabe Hernandez; Dillon Larberg; Chris Larberg; Ben Lewis; Brandon Malecek; Zach Marbach; Kai Marshall; Kaplan Maurer; Wesley Miaw; Griffin Miller; Connor Olson; Ben Rogers; Dalton Smith; Carson Wilder; Inactive: Thomas Slack
89,2019,7,DC Breeze,"Jarrod Banks; David Bloodgood; Garrett Braun; Max Cassell; Matt Cullom; Kristopher Harrison; Cody Johnston; Kenta Kawaguchi; Daniel Krug; Dennis Maclaine; Peter Mancini; Xavier Maxstadt; Matthew McDonnell; Ray Mendoza; AJ Merriman; Matt Neeley; Leo Pierson; Nathan Prior; David Shields; Dane Warner; Inactive: Jeff Wodatch, Anthony McLean"
90,2019,7,Detroit Mechanix,Josh Beaulieu; Alex Bertoia; Joey Cari; Nathan Champoux; Ben Cheer; Joe Cubitt; Ashton Hoffman; David Innis; Austin Johnson; Jordan Kinde; Kevin Nicholl; Josh Osinski; Justin Perticone; Austin Riegel; Troy Roberts; Joe Rogers; Jeff Schubert; Sam Sincere; Andrew Sjogren; Mark Whitton; Inactive: Kevin Coulter
91,2019,7,Indianapolis Alleycats,Cameron Brock; Peter Carleton; Travis Carpenter; Kyle Cox; Sam Ellison; Jacob Fella; Rick Gross; Alex Henderson; Conner Henderson; Nick Hutton; Levi Jacobs; John Jones; Heath Kalaba; Jeremy Keusch; Spencer Loscar; Brett Matzuka; Keenan Plew; Colin Ringwood**; Donovan Triplett; Aaron Weaver; Inactive: Keegan North
92,2019,7,Los Angeles Aviators,"Tyler Bacon; Jake Baumer; Timmy Beatty; Xavier Charles; Alex Drum; Collin  Gall; Joc Jimenez; Nate Kirchoffer; Michael Kiyoi; Ian Ladner; Eric Lissner; Sean MCDougall; Andrew Padula; Sam Plasman; Nate Ransom; Garrett Santi; Zac Schakner; Jeff Silverman; Mitchell Steiner; Matt Theologidy; Inactive: Danny Landesman, Aaron Weaver, Zachary Theodore"
93,2019,7,Madison Radicals,"Tarik Akyuz; Tom Annen; Nate Bosscher; Kevin Brown; Colin Camp; Thomas Coolidge; Peter  Graffy; Colin Grandon; Avery Johnson; Sterling Knoche; Victor Luo; Andrew Meshnick; Ben Nelson; Kevin Pettit-Scantling; Dylan Power; Pat Shriwise; Kyle Weigand; Chris Wilen; Joshua Wilson; Dave Wiseman; Inactive: Chase Marty, Logan Pruess"
94,2019,7,Minnesota Wind Chill,"Daniel Bates; Saurav Dubey**; Jesse Greenberg; Alex Jirele; Kristian Johnson; Michael Jordan; James Kittlesen; Josh Klane; Mathew Ladyman; Isaac Leonard; Brandon Matis; Mitchell McCarthy; Drew Otterlei; Grayson Pangburn**; Ethan Rasmussen; Alan Scarth; Jordan Taylor; Jason Tschida; Bryan Vohnoutka; Ryan Welch; Inactive: Cam Burden, Josh Poterack"
95,2019,7,Montreal Royal,André Arsenault; Malik Auger-Semmar; Philippe Bisson**; Quentin Bonnaud; Stève Bonneau; Mathieu Bosser; Jakob Brissette; Nabil Chaouch**; Simon Charette; Laurent Faye; Vincent Gamache; Miguel Goderre; Kevin Groulx; Vincent Lemieux; Gabriel Monfette; Sacha Poitte- Sokolsky ; Kevin Quinlan; Quentin Roger; Jacob Saunders; Christophe Tremblay Joncas 
96,2019,7,New York Empire,Albert Alarcon; Josue Alorro; Matthew Auletta**; Jeff Babbitt; Marques Brownlee; Mike Drost; Ryan Drost; Harper Garvey; Benjamin Jagt; Ben Katz; Beau Kittredge; Conor Kline; Elliot Lee; Matthew Lemar; Grant Lindsley; Jibran Mieser; TJ Stanton**; Matthew Stevens; Matthew Weintraub; Jack Williams** 
97,2019,7,Ottawa Outlaws,Derek Alexander; Ken Alexander; Alec Arsenault; Tait Becke; Geoff Bevan; Nick Boucher; David Colic; Greg Ellis; Jon Hallett; Jeremy Hill; Karl Loiseau; Chad McCausland; Paul Mensah; Matt O'Brien; Adam O'Donnell; Andrew Ouchterlony; Erich Phang-Lyn; Paul Renaud; Braedan Robinson; Carson Turner 
98,2019,7,Philadelphia Phoenix,"Shashank Alladi; Mike Arcata; Dave Baer; Peter Burt; Dustin Damiano; Brice Dunn; Matt Esser; Ethan Fortin; Francisco Gomez; Stuart Hean; Greg Martin; Himalaya Mehta; Allan Michel; Sean Mott; Eric Nardelli; Nick Patel; Zac Sands; Marc Sands; Billy Sickles; Ryan Weaver; Inactive: Matt Ballman, Evan Karson"
99,2019,7,Pittsburgh Thunderbirds,Dylan Best; Eike Cramer; Thomas Edmonds; Mark Fedorenko; Kenny Furdella; Chris Graber; Robert Halvorsen; Buss John; Jon Mast; Pat McMullen; Dayne Meyer; Steve Mogielski; Anson Reppermund; Jordan Robarge; Max Sheppard; Alex Thomas; Jimmy Towle; Sam VanDusen; David Vatz; Owen Watt; Inactive: Jack Hefferon
100,2019,7,Raleigh Flyers,"Justin Allen**; Chuck Cantone; Jacob Fairfax; Henry Fisher; Mischa Freystaetter; Josh Hartzog; JD Hastings; Allan Laviolette; Bobby Ley; Johnnie Lynch; Andrew McKelvey; Terrence Mitchell; Jacob Mouw; Charlie Muniz ; Jonathan Nethercutt; Jakeem Polk; David  Richardson; Shane Sisco; Eric Taylor; Sol Yanuck; Inactive: Tim McAllister, Kamron Daftari"
101,2019,7,San Diego Growlers,Nathan Bridges; Jesse Cohen; Travis Dunn; Sam Fontaine; Wesley Groth; Sean Ham; Jonathan Helton; Maxwell Hume; Andrew Kohl; Joshua Kohl; Dom Leggio; Steven Milardovich; Tim Okita; Marcel Osborne; Trevor Purdy; Scott Radlauer; David Ritchie; Kyle Rubin; Michael Tran; William Turner; Inactive: Ryo Senda
102,2019,7,San Jose Spiders,"Mike Becich; Jace Bruner; Phil Chang; Steven Chang; Antoine Davis; Brandon Fein; Lior Givol; Chris Hocutt; Sean Hyslop; Keenan Laurence; Alexander Morris; Zach Ormsby; Mark Philipson; Alex Pien; Marcelo Sanchez; Jackson Stearns; Gabe Taylor; Munis Thahir; Joe Thompson; Xinran Wang; Inactive: Justin Norden, Jacob Greenberg, Matt Crawford"
103,2019,7,Tampa Bay Cannons,"Brandon Allen; Craig Anderson; Adam Carr; Jacob Clary; Matteo Focchi; Kellen Gray; Ryan Hiser; Jack Kern; Jacob Lane; Josh Layton; Tim Lootens; Josh McKisic; Billy O'Bryan; Bobby Patterson; Brandon Perales; Tanner Repasky; Andrew Roney; Bradley Seuntjens; Dustin Travaglini; Nathan Vickroy; Inactive: James Franklin, Jack Barrow"
104,2019,7,Toronto Rush,"Kieran Charnock; Luc Comire; Cameron Harris; Jacky Hau; Nathan Hirst; Jason Huynh; Dan Lafrance; Jason Lam; Wilkie Lewis; Iain Mackenzie; Thomson McKnight; Jerry Meron; Akifumi Muraoka; Jeremy Norden; Remi Ojo; Ben Pries; Bretton Tan; Phil Turner; Barrett Wachholz; Drew Wilson; Inactive: Andrew Carroll, Marijo Zlatic"
105,2019,8,Atlanta Hustle,"Zach Avello; Sam Batson; Sun Choi; Phillip Dougherty; Karl Ekwurtzel; Christian Gaeta; Brett Hulsmeyer; Elijah Jaime; Will Lindquist; Mac McClellan ; Taylor Minch; Clark Missildine; Christian Olsen; Player Pierce; Matt Smith; Daniel Sperling ; Trenton Spinks**; Josh Turner; Kelvin Williams; Joel Wooten; Inactive: Austin Taylor, Paul Lally"
106,2019,8,Austin Sol,Matt Bennett; John Cecil; Zach Cotter; Brandon Dial; Brian Gfroerer ; Kyle Henke; Jason Holleran; Carter Hollo; Robert Lewis; Jeff Loskorn; Michael Matthis; Corey Mika; Elliott Moore; Ethan Pollack; Doug Richardson; Paul Starkel; Andrew Walch; Austin Walker; John Walter; Jimmy Zuraw; Inactive: Rory Orloff
107,2019,8,Chicago Wildfire,Ross Barker; Brad Bolliger; Jeremy Burril; Michael Egan; Tim Fergus; Charlie Furse; Pawel Janas; Karl Kingma; Danny Miller; Michael Pardo; Zane Rankin**; Matt Rehder; Alex Rummelhart; Jack Shanahan; Drew Swanson; Jimmy Sykora; Jason Vallee; Seth Weaver; Jeff Weis; Nick Zeman; Inactive: Tommy Gallagher
108,2019,8,Dallas Roughnecks,"Joel Clutton; Jonathan Costello; Jay Froude; Henry Furuta; Gabe Hernandez; Dillon Larberg; Chris Larberg; Ben Lewis; Brandon Malecek; Zach Marbach; Kai Marshall; Kaplan Maurer; Wesley Miaw; Griffin Miller; Jake Reinhardt; Kevin Richardson; Thomas Slack; Dalton Smith; Sam Ward; Carson Wilder; Inactive: Abe Coffin, Dan Emmons, Connor Olson"
109,2019,8,DC Breeze,"Jarrod Banks; David Bloodgood; Garrett Braun; Max Cassell; Matt Cullom; Alexandre Fall; Kristopher Harrison; Kenta Kawaguchi; Jeremy Knopf; Daniel Krug; Alex Liu; Dennis Maclaine; Peter Mancini; Matthew McDonnell; AJ Merriman; Matt Neeley; Zach Norrbom; Houston Parks; Joe Richards; Dane Warner; Inactive: Nathan Prior, Xavier Maxstadt"
110,2019,8,Detroit Mechanix,"Kevin Anthony; Jimmy Baker Jr; Josh Beaulieu; Alex Bertoia; Joey Cari; Nathan Champoux; Ben Cheer; Joe Cubitt; Mitch DeNooyer; Karl Fauerbach; Ashton Hoffman; David Innis; Jonathan Lee; Justin Perticone; Tyler Postema; Neil Proefrock; Austin Riegel; Joe Rogers; Jeff Schubert; Sam Sincere; Inactive: Andrew Sjogren, Mark Whitton, Kevin Coulter, Jordan Kinde"
111,2019,8,Indianapolis Alleycats,Cameron Brock; Peter Carleton; Travis Carpenter; Kyle Cox; Sam Ellison; Jacob Fella; Rick Gross; Alex Henderson; Conner Henderson; David Hortemiller; Nick Hutton; Levi Jacobs; John Jones; Jeremy Keusch; Spencer Loscar; Brett Matzuka; Keenan Plew; Colin Ringwood**; Donovan Triplett; Zach Zebarth**; Inactive: Keegan North
112,2019,8,Madison Radicals,"Tarik Akyuz; Tom Annen; Nate Bosscher; Kevin Brown; Colin Camp; Thomas Coolidge; Colin Grandon; Sterling Knoche; Michael Kobyra; Victor Luo; Andrew Meshnick; Seth Meyer; Ben Nelson; Kevin Pettit-Scantling; Dylan Power; Pat Shriwise; Kyle Weigand; Chris Wilen; Joshua Wilson; Dave Wiseman; Inactive: Avery Johnson, Chase Marty, Peter Graffy"
113,2019,8,Minnesota Wind Chill,Daniel Bates; Patrick Cashman; Nicholas Dacquisto; Saurav Dubey; Benjamin Feldman; Jesse Greenberg; Cole Jensen; Alex Jirele; Michael Jordan; James Kittlesen; Josh Klane; Isaac Leonard; Brandon Matis; Mitchell McCarthy; Zac Merie; Drew Otterlei; Grayson Pangburn; Alan Scarth; Jordan Taylor**; Bryan Vohnoutka; Inactive: Mathew Ladyman
114,2019,8,Montreal Royal,André Arsenault; Malik Auger-Semmar; Philippe Bisson; Quentin Bonnaud; Stève Bonneau; Mathieu Bosser; Jakob Brissette; Estéban Ceballos**; Simon Charette; Laurent Faye; Vincent Gamache; Miguel Goderre; Kevin Groulx; Vincent Lemieux; Gabriel Monfette; Sacha Poitte- Sokolsky ; Kevin Quinlan; Quentin Roger; Jacob Saunders; Christophe Tremblay Joncas ; Inactive: Nabil Chaouch
115,2019,8,New York Empire,"Albert Alarcon; Josue Alorro; Jeff Babbitt; Marques Brownlee; Mike Drost; Ryan Drost; Harper Garvey; Alex Isik**; Benjamin Jagt; Ben  Katz; Beau Kittredge ; Conor Kline; Elliot Lee; Matthew Lemar; Grant Lindsley; Jibran Mieser; TJ Stanton**; Matthew Stevens; Matthew Wieintraub**; Jack Williams; Inactive: Matthew Auletta, Ryan Brown"
116,2019,8,Ottawa Outlaws,Alec Arsenault; Tait Becke; Geoff Bevan; Nick Boucher; David Colic; Jon Hallett; Jeremy Hill; Erik Hunter; Karl Loiseau; Chad McCausland; Paul Mensah; Jonah Munoz; Adam O'Donnell; Andrew Ouchterlony; Paul Renaud; Bryce Ring; Braedan Robinson; Shintaro Tsukamoto; Carson Turner; Ryan Wallace ; Inactive: Ken Alexander
117,2019,8,Philadelphia Phoenix,Mike Arcata; Dave Baer; Peter Burt; Dustin Damiano; Brice Dunn; Matt Esser; Ethan Fortin; Francisco Gomez; Austin Lillis; Greg Martin; Himalaya Mehta; Allan Michel; Sean Mott; Eric Nardelli; Nick Patel; James Pollard; Zac Sands; Marc Sands; Ryan Weaver; Scott Xu; Inactive: Billy Sickles
118,2019,8,Pittsburgh Thunderbirds,Adam Burgess; Eike Cramer; Tyler DeGirolamo; Thomas Edmonds; Mark Fedorenko; Kenny Furdella; Nick Gigliotti; Chris Graber**; Robert Halvorsen; Jon Mast; Pat McMullen; Dayne Meyer; Steve Mogielski; Anson Reppermund; Max Sheppard; Alex Thomas; Jasper Tom**; Jimmy Towle; Sam VanDusen; Owen Watt; Inactive: Dylan Best
119,2019,8,Tampa Bay Cannons,"Craig Anderson; Alex Bullock; Ryan Chard; Jacob Clary; James Franklin; Kellen Gray; Matthew Hankin; Larz Hanselman**; Ryan Hiser; Anish Indhupuru; Jack Kern; Jacob Lane; Josh Layton; Tim Lootens; Billy O'Bryan; Brandon Perales; Tanner Repasky; Bradley Seuntjens; Dustin Travaglini; Adam Vinson; Inactive: Adam Carr, Andrew Roney"
120,2019,8,Toronto Rush,Andrew Carroll; Kieran Charnock; Scott Graham; Cameron Harris; Jacky Hau; Nathan Hirst; Jason Huynh; Dan Lafrance; Jason Lam; Iain Mackenzie; Isaiah Masek-Kelly; Thomson McKnight; Jerry Meron; Akifumi Muraoka; Jeremy Norden; Remi Ojo**; Geoff Powell; Ben Pries; Phil Turner; Adrian Yearwood**; Inactive: Bretton Tan
121,2019,9,Atlanta Hustle,Zack Avello; Sun Choi; Christian Gaeta; Brett Hulsmeyer; Elijah Jaime; William Johnson; Will Lindquist; Mac McClellan; Taylor Minch; Anders Olsen; Christian Olsen; Player Pierce; Carter Rae; Matt Smith; Daniel Sperling; Trenton Spinks; Austin Taylor; Alex Trautman; Kelvin Williams; Joel Wooten; Inactive: Josh Turner
122,2019,9,Austin Sol,"Mutahir Ahmad; Matt Bierschenk; Eric Brodbeck; Brandon Dial; Derek Fan; Brian Gfroerer; Jason Holleran; Carter Hollo; Robert Lewis; Michael Matthis; Corey Mika; Nash Mock; Elliott Moore; Rory Orloff; Doug Richardson; Paul Starkel; Andrew Walch; Joseph Wiley; Jerrod Wolfe; Jimmy Zuraw; Inactive: Kyle Henke, Ethan Pollack, Mick Walter"
123,2019,9,Chicago Wildfire,Zubair Abdulla; Ross Barker; Jeremy Burril; Michael Egan; Charlie Furse; Tommy Gallagher; Jeff Holm; Pawel Janas; Joey Kennedy; Karl Kingma; Danny Miller; Michael Pardo; Matt Rehder; Alex Rummelhart; Jack Shanahan; Drew Swanson; Jimmy Sykora; Cal Tornabene; Jeff Weis; Nick Zeman; Inactive: Seth Weaver
124,2019,9,DC Breeze,"Jarrod Banks; Quinn Bergeron; Garrett Braun; Max Cassell; Alexandre Fall; Jeremy Hess; Cody Johnston; Jeremy Knopf; Xavier Maxstadt; Matthew McDonnell; Anthony McLean; AJ Merriman; Jacques Nissen; Zach Norrbom; Houston Parks; Leo Pierson; Joe Richards; David Shields; Dane Warner; Jeff Wodatch; Inactive: Matt Cullom, Matt Neeley"
125,2019,9,Detroit Mechanix,Kevin Anthony; Jimmy Baker Jr**; Josh Beaulieu; Alex Bertoia; Ben Cheer; Kevin Coulter; Joe Cubitt; Mitch DeNooyer; Jon Gibson; Ashton Hoffman; David Innis; Austin Johnson; Jordan Kinde; Kevin Nicholl; Justin Perticone; Austin Riegel; Joe Rogers; Jeff Schubert; Andrew Sjogren; Mark Whitton
126,2019,9,Indianapolis Alleycats,Cameron Brock; Peter Carleton; Travis Carpenter; Sam Ellison; Rick Gross; Alex Henderson; Conner Henderson; David Hortemiller; Nick Hutton; Levi Jacobs; John Jones; Jeremy Keusch; Spencer Loscar; Chris Miller**; Keegan North; Keenan Plew; Colin Ringwood; Donovan Triplett; Aaron Weaver; Zach Zebarth; Inactive: Brett Matzuka
127,2019,9,Los Angeles Aviators,"Tyler Bacon; Jacob Bartholowmew; Timmy Beatty; Xavier Charles; Kyle Conniff; Alex Drum; Collin  Gall; Joc Jimenez; Nate Kirchoffer; Michael Kiyoi; Danny Landesman; Sean MCDougall; Andrew Padula; Nate Ransom; Jeff Silverman; Ryan  Smith; Mitchell Steiner; Zachary Theodore; Matt Theologidy; Aaron Weaver; Inactive: Sam Plasman, Eric Lissner"
128,2019,9,Madison Radicals,"Tom Annen; Nate Bosscher; Kevin Brown; Colin Camp; Peter Graffy; Colin Grandon; Avery Johnson; Jack Kelly; Sterling Knoche; Victor Luo; Chase Marty; Jeff Maskalunas; Andrew Meshnick; Seth Meyer; Kevin Pettit-Scantling; Dylan Power; Pat Shriwise; Kyle Weigand; Chris Wilen; Joshua Wilson; Inactive: Dave Wiseman, Ben Nelson, Thomas Coolidge"
129,2019,9,Minnesota Wind Chill,Cameron Burden; Nick Daquisto; Thomas Echols; Jesse Greenberg; Kristian Johnson; Michael Jordan; James Kittlesen; Josh Klane; Mathew Ladyman; Isaac Leonard; Brandon Matis; Brendan McCann; Mitchell McCarthy; Drew Otterlei; Josh Poterack; Alan Scarth; Quinn Snider; Jordan Taylor; Bryan Vohnoutka; Ryan Welch; Inactive: Alex Jirele
130,2019,9,Montreal Royal,Malik Auger-Semmar; Philippe Bisson; Quentin Bonnaud; Stève Bonneau; Mathieu Bosser; Jakob Brissette; Estéban Ceballos; Nabil Chaouch; Simon Charette; Laurent Faye; Vincent Gamache; Miguel Goderre; Kevin Groulx; Vincent Lemieux; Gabriel Monfette; Sacha Poitte- Sokolsky ; Kevin Quinlan; Quentin Roger; Jacob Saunders; Christophe Tremblay Joncas; Inactive: André Arsenault
131,2019,9,New York Empire,Albert Alarcon; Josue Alorro; Jeff Babbitt; Ryan Brown**; Marques Brownlee; Mike Drost; Ryan Drost; Sam Feder**; Harper Garvey; Alex Isik**; Benjamin Jagt; Ben  Katz; Beau  Kittredge; Conor Kline; Elliot Lee; Matthew Lemar; Jibran Mieser; Matthew Stevens; Matthew Weintraub; Jack Williams; Inactive: Grant Lindsley
132,2019,9,Ottawa Outlaws,Ken Alexander; Alec Arsenault; Geoff Bevan; Nick Boucher; Kyle Cantal; David Colic; Greg Ellis; Jon Hallett; Jeremy Hill; Erik Hunter; Jeff Lindquist; Karl Loiseau; Paul Mensah; Matt O'Brien; Adam O'Donnell; Andrew Ouchterlony; Erich Phang-Lyn; Paul Renaud; Braedan Robinson; Carson Turner
133,2019,9,Pittsburgh Thunderbirds,"John Buss; Marquis Cofer; Eike Cramer; Thomas Edmonds; Kenny Furdella; Chris Graber**; Jack Hefferon; Jon Mast; Pat McMullen; Dayne Meyer**; Steve Mogielski; Anson Reppermund; Jordan Robarge; Max Sheppard**; Alex Thomas; Jasper Tom; Jimmy Towle; Sam VanDusen; David Vatz; Owen Watt; Inactive: Mark Fedorenko, Dylan Best"
134,2019,9,San Diego Growlers,Nathan Bridges; Jesse Cohen; Travis Dunn; Wesley Groth; Aidan Hall; Sean Ham; Jonathan Helton; Dom Leggio; Steven Milardovich; Tim Okita; Marcel Osborne; Trevor Purdy; Scott Radlauer; David Ritchie; Kyle Rubin; Ryo Senda; Mark Slader; Michael Tran; William Turner; Bailey Wu; Inactive: Sam Fontaine
135,2019,9,San Jose Spiders,"Jacob Bruner; Antoine Davis; Ethan Falat; Brandon Fein; Sean Hyslop; Ben Levinsky; Alexander Morris; Justin Norden; Zach Orsmby; Alex Pien; Brian Roach; Marcelo Sanchez; Jackson Stearns; Gabe Taylor; Skylor Taylor; Munis Thahir; Glenn Wysen; Inactive: Lior Givol, Keenan Laurence, Mike Becich"
136,2019,9,Seattle Cascades,Jack Brown; Mark Burton; Dennis Casio; Eide Charlie; Zhi Chen; Will Coffin; Sam Cook; Khalif El-Salaam; Bryson Fox; Peter Geertz-Larson; Brad Houser; Smart Kodi; Steph Lim; Nick Mahan; Marc Munoz; Henry Phan; John Quandt; June Rapisura; Zach Sabin; Keegan Taggart; Inactive: Shane Worthington
137,2019,9,Tampa Bay Cannons,Craig Anderson; Adam Carr; Jacob Clary; James Franklin; Matthew Hankin; Ryan Hiser; John Holk; Jack Kern; Jacob Lane; Tim Lootens; Billy O'Bryan; Unmil Patel; Bobby Patterson; Tanner Repasky; Andrew Roney; Bradley Seuntjens; Dustin Travaglini; Nathan Vickroy; Adam Vinson; Hayden Wachob; Inactive: Josh Layton
138,2019,9,Toronto Rush,Andrew Carroll; Kieran Charnock; Scott Graham; Cameron Harris; Jacky Hau; Nathan Hirst; Jason Huynh; Dan Lafrance; Jason Lam; Iain Mackenzie; Isaiah Masek-Kelly; Thomson McKnight; Jerry Meron; Akifumi Muraoka; Jeremy Norden; Remi Ojo**; Geoff Powell; Ben Pries**; Phil Turner; Adrian Yearwood**; Inactive: Bretton Tan
139,2019,12,Austin Sol,"Mutahir Ahmad; Matt Bierschenk; John Cecil; Zach Cotter; Brandon Dial; Brian Gfroerer ; Kyle Henke; Jason Holleran; Robert Lewis; Jeff Loskorn; Michael Matthis; Elliott Moore; Ethan Pollack; Ryan Purcell; Doug Richardson; Paul Starkel; Andrew Walch; Keiuvan Waugh; Jerrod Wolfe; Jimmy Zuraw; Inactive: Matt Bennett, Carter Hollo, Mick Walter"
140,2019,12,Chicago Wildfire,"Ross Barker; Brad Bolliger; Jeremy Burril; Tim Fergus; Charlie Furse; Tommy Gallagher; Nate Goff; Brenton Hard; Pawel Janas; Jesse Johnson; Joey Kennedy; Karl Kingma; Danny Miller; Jack Shanahan; Drew Swanson; Jimmy Sykora; Cal Tornabene; Seth Weaver; Jeff Weis; Dave Woods; Inactive: Matt Rehder, Michael Pardo"
141,2019,12,Dallas Roughnecks,"Matthew Armour; Joel Clutton; Abe Coffin; Jay Froude; Henry Furuta; Casey Hogg; Dillon Larberg; Chris Larberg; Brandon Malecek; Kai Marshall; Kaplan Maurer; Wesley Miaw; Griffin Miller; Connor Olson; Kevin Richardson; Zach Riggins; Ward Sam; Thomas Slack; Connor  Ughetta; Carson Wilder; Inactive: Zach Marbach, Dalton Smith"
142,2019,12,DC Breeze,"Jarrod Banks; Quinn Bergeron; David Bloodgood; Garrett Braun; Max Cassell; Alexandre Fall; Kristopher Harrison; Jeremy Hess; Cody Johnston; Jeremy Knopf; Peter Mancini; Matthew McDonnell; AJ Merriman; Jacques Nissen; Zach Norrbom; Houston Parks; Nathan Prior; David Shields; Kevin Versteeg; Jeff Wodatch; Inactive: Xavier Maxstadt, Matt Cullom"
143,2019,12,Detroit Mechanix,"Kevin Anthony; Josh Beaulieu; Alex Bertoia; Nathan Champoux; Ben Cheer; Joe Cubitt; Mitch DeNooyer**; Dex Dremann; Karl Fauerbach; Jon Gibson; Tyler Hebert; Ashton Hoffman; Austin Johnson; Jordan Kinde; Whitton Mark; Justin Perticone; Austin Riegel; Jeff Schubert; Sam Sincere; Daniel Viggiani; Inactive: Kevin Coulter, Andrew Sjogren, David Innis"
144,2019,12,Indianapolis AlleyCats,Cameron Brock; Peter Carleton; Travis Carpenter; Kyle Cox; Sam Ellison; Jacob Fella; Rick Gross; Alex Henderson; Conner Henderson; David Hortemiller; Nick Hutton; Levi Jacobs; John Jones; Spencer Loscar; Brett Matzuka; Keegan North; Keenan Plew; Colin Ringwood; Donovan Triplett; Zach Zebarth 
145,2019,12,Los Angeles Aviators,Jake Baumer; Calvin Brown; Xavier Charles; Alex Drum; Joc Jimenez; Nate Kirchhofer; Michael Kiyoi; KJ Koo; Ian Ladner; Eric Lissner; Sean McDougall; Andrew Padula; Sam Plasman; Jeff Silverman; Ryan  Smith; Mitchell Steiner; Zachary Theodore; Matt Theologidy; Anderson Thomas; Aaron Weaver; Inactive: Tyler Bacon
146,2019,12,Madison Radicals,"Kevin Brown; Colin Camp; Thomas Coolidge; Avery Johnson; Jack Kelly; Sterling Knoche; Michael Kobyra; Victor Luo; Chase Marty; Jeff Maskalunas; Andrew Meshnick; Ben Nelson; Rami Paust; Kevin Pettit-Scantling; Dylan Power; Ted Schewe; Pat Shriwise; Kyle Weigand; Chris Wilen; Joshua Wilson; Inactive: Tom Annen, Peter Graffy, Colin Grandon"
147,2019,12,Minnesota Wind Chill,"Cameron Burden; Nick Daquisto; Dylan DeClerck; Thomas Echols; Jesse Greenberg; Tate Halberg; Scott Hearne; Michael Jordan; James Kittlesen; Josh Klane; Mathew Ladyman; Isaac Leonard; Brandon Matis; Brendan McCann; Mitchell McCarthy; Drew Otterlei; Alan Scarth; Quinn Snider; Tyler Thomegreene; Bryan Vohnoutka; Inactive: Jordan Taylor, Ryan Welch"
148,2019,12,Montreal Royal,André Arsenault; Philippe Bisson; Quentin Bonnaud; Stève Bonneau**; Mathieu Bosser; Estéban Ceballos; Nabil Chaouch; Simon Charette; Laurent Faye; Vincent Gamache; Miguel Goderre; Kevin Groulx; Vincent Lemieux; Basile Limoges; Gabriel Monfette; Sacha Poitte- Sokolsky ; Kevin Quinlan; Quentin Roger; Jacob Saunders; Christophe Tremblay Joncas; Inactive: Malik Auger-Semmar
149,2019,12,New York Empire,"Albert Alarcon; Josue Alorro; Matthew Auletta; Jeffrey Babbitt; Ryan Brown; Marques Brownlee; Mike Drost; Sam Feder; Harper Garvey; Ryan Holmes; Alexander Isik; Benjamin Jagt; Benjamin Katz; Beau Kittredge; Conor Kline; Matthew LeMar; Jibran Mieser; TJ Stanton; Matthew Stevens; Jack Williams; Inactive: Ryan Drost, Grant Lindsley"
150,2019,12,Ottawa Outlaws,Alec Arsenault; Geoff Bevan; Nick Boucher; Kyle Cantal; David Colic; Greg Ellis; Jon Hallett; Jeremy Hill; Erik Hunter; Jeff Lindquist; Karl Loiseau; Paul Mensah; Matt O'Brien; Adam O'Donnell; Andrew Ouchterlony; Erich Phang-Lyn; Paul Renaud; Bryce Ring; Braedan Robinson**; Carson Turner
151,2019,12,Philadelphia Phoenix,"Mike Arcata; Matthew Ballman; Peter Burt; Jordan Ciccarone; Brice Dunn; Ethan Fortin; Frankie Gomez; Evan Karson; Trey Katzenbach; Colin Masino; Himalaya Mehta; Allan Michel; Greg Mohler; Sean Mott; Eric Nardelli; Brandon Pastor; Nick Patel; James Pollard; Marc Sands; Eric Witmer; Inactive: Billy Sickles, Zac Sands, Dustin Damiano"
152,2019,12,Pittsburgh Thunderbirds,"Dylan Best; Adam Burgess; Eike Cramer; Thomas Edmonds; Jesse Evans; Mark Fedorenko; Kenny Furdella; Ryan Hoffman; Jon Mast; Pat McMullen; Dayne Meyer; Steve Mogielski; Anson Reppermund; Jordan Robarge; Max Sheppard; Alex Thomas; Jasper Tom; Sam VanDusen**; David Vatz; Owen Watt; Inactive: Tyler DeGiramo, Chris Graber, Jimmy Towle"
153,2019,12,Raleigh Flyers,"Justin Allen; Kiron Allen; Chuck Cantone; Jacob Fairfax; Henry Fisher; Mischa Freystaetter; Tristan Green; JD Hastings; Allan Laviolette; Bobby Ley; Tim McAllister; Andrew McKelvey; Terrence Mitchell; Jacob Mouw; Mike Pannone ; David  Richardson; Connor Russell ; Eric Taylor; Ross Ward; Sol Yanuck; Inactive: Noah Saul, Charlie Muniz, Jeff Nordgren"
154,2019,12,San Diego Growlers,"Jesse Cohen; Travis Dunn; Sam Fontaine; Wesley Groth; Sean Ham; Jonathan Helton; Maxwell Hume; Dom Leggio; Bryce Lozinski; Tim Okita; Marcel Osborne; Trevor Purdy; Scott Radlauer; Dave Ritchie; Kyle Rubin; Ryo Senda; Mark Slader; Michael Tran; Will Turner; Bailey Wu; Inactive: Steven Milardovich, Nate Bridges"
155,2019,12,San Jose Spiders,Chuck Cao; Steven Chang; Phil Chang; Matt Crawford; Antoine Davis; Ethan Falat**; Brandon Fein; Lior Givol; Jacob Greenberg; Keenan Laurence; Alexander Morris; Justin Norden; Mark Philipson; Alex Pien; Brian Roach; Jackson Stearns; Gabe Taylor; Skylor Taylor; Munis Thahir; Glenn Wysen; Inactive: Marcelo Sanchez
156,2019,12,Seattle Cascades,"Jay Boychuk; Mark Burton; Zhi  Chen; Sam Cook**; Alex Duffel; Khalif El-Salaam; Kahyee Fong; Bryson Fox; Xtehn Frame; Brad Houser; Wally Kasprzycki; Tom Lassetter; Marc Munoz; Henry Phan; June  Rapisura; Zach Sabin**; Henry Schneider; Kodi Smart; Keegan Taggart; Inactive: Dennis Casio, Will Coffin, Nick Mahan"
157,2019,12,Tampa Bay Cannons,Craig Anderson; Ryan Chard; Jacob Clary; Matteo Focchi; James Franklin; Kellen Gray; Ryan Hiser; Jack Kern; Austin Koffarnus; Jake Lane; Tim Lootens; Josh McKisic; Billy O'Bryan; Unmil Patel; Bobby Patterson; Tanner Repasky; Andrew Roney; Bradley Seuntjens; Dustin Travaglini; Nathan Vickroy; Inactive: Adam Carr
158,2019,12,Toronto Rush,"Andrew Carroll; Kieran Charnock; Scott Graham; Cameron Harris; Jacky Hau; Nathan Hirst; Jason Huynh; Bryan Kuo; Dan Lafrance; Jason Lam; Wilkie Lewis; Iain Mackenzie; Thomson McKnight; Jerry Meron; Akifumi Muraoka; Geoff Powell; Ben Pries; Phil Turner; Adrian Yearwood; Bryan Yue; Inactive: Isaiah Masek-Kelly, Jeremy Norden, Remi Ojo"
159,2019,13,Atlanta Hustle,Zach Avello; Sun Choi; Jason Crowe; Phil Dougherty; Brett Hulsmeyer; Eli Jaime; Will Lindquist; Mac McClellan; Taylor Minch; Clark Missildine; Christian Olsen; Jacques Perivier; Player Pierce; Matt Smith; Daniel Sperling; Trenton Spinks; Austin Taylor; Alex Trautman; Josh Turner; Kelvin Williams; Inactive: Karl Ekwurtzel
160,2019,13,Austin Sol,"Mutahir Ahmad; Reese Bowman; Eric Brodbeck; John Cecil; Brandon Dial; Brian Gfroerer ; Kyle Henke; Bobby Lewis; Jeff Loskorn; Michael Matthis; Corey Mika; Nash Mock; Elliott Moore; Rory Orloff; Ethan Pollack; Ryan Purcell; Paul Starkel; Andrew Walch; Keiuvan Waugh; Mason Wuensch; Inactive: Carter Hollo, Jason Holleran"
161,2019,13,Chicago Wildfire,Ross Barker; Brad Bolliger; Jeremy Burril; Charlie Furse; Tommy Gallagher; Nate Goff; Pawel Janas; Joey Kennedy; David Meinecke; Danny Miller; Michael Pardo; Zane Rankin; Matt Rehder; Jack Shanahan; Drew Swanson; Cal Tornabene; Jason Vallee; Seth Weaver; Jeff Weis; Nick Zeman**
162,2019,13,Dallas Roughnecks,"Joel Clutton; Abe Coffin; Dan Emmons; Jay Froude; Henry Furuta; Abe Gambert; David Hammer; Gabe Hernandez; Dillon Larberg; Chris Larberg; Ben Lewis; Zach Marbach; Kaplan Maurer; Griffin Miller; Connor Olson; Kevin Richardson; Ben Rogers; Ward Sam; Thomas Slack; Carson Wilder; Inactive: Brandon Malecek, Dalton Smith"
163,2019,13,Detroit Mechanix,"Kevin Anthony; Chris Auman; Josh Beaulieu; Ben Cheer; Joe Cubitt; Mitch DeNooyer; Karl Fauerbach; Jon Gibson; Tyler Hebert; David Innis**; Austin Johnson; Jordan Kinde; Jonathan Lee; Kevin Nicholl; Neil Proefrock; Austin Riegel; Jeff Schubert; Sam Sincere; Andrew Sjogren; Daniel Viggiani; Inactive: Kevin Coulter, Mark Whitton"
164,2019,13,Indianapolis AlleyCats,"Cameron Brock; Peter Carleton; Travis Carpenter; Sam Ellison; Jacob Fella; Rick Gross; Alex Henderson; Conner Henderson; David Hortemiller; Nick Hutton**; Levi Jacobs; Jeremy Keusch; Spencer Loscar; Brett Matzuka; Chris Miller**; Keenan Plew; Colin Ringwood; Donovan Triplett; Aaron Weaver; Zach Zebarth; Inactive: Keegan North, John Jones"
165,2019,13,Los Angeles Aviators,Tyler Bacon; Jacob Bartholomew; Jake Baumer; Timmy Beatty; Calvin Brown; Xavier Charles; Alex Drum; Collin Gall; Joc Jimenez; KJ Koo; Danny Landesman; Eric Lissner; Sean McDougall; Andrew Padula; Sam Plasman; Garrett Santi; Jeff Silverman; Mitchell Steiner; Zachary Theodore; Aaron Weaver; Inactive: Michael Kiyoi
166,2019,13,Madison Radicals,"Kevin Brown; Colin Camp; Thomas Coolidge; Peter Graffy; Avery Johnson; Sterling Knoche; Chase Marty; Jeff Maskalunas; Andrew Meshnick; Seth Meyer; Ben Nelson; Rami Paust; Kevin Pettit-Scantling; Dylan Power; Logan Pruess; Pat Shriwise; Ryan Tucker; Kyle Weigand; Chris Wilen; Joshua Wilson; Inactive: Nate Bosscher, Victor Luo"
167,2019,13,Minnesota Wind Chill,"Cameron Burden; Pat Cashman; Dylan DeClerck; Thomas Echols; Tate Halberg; Alexander Jirele; Kristian Johnson; Michael Jordan; James Kittlesen; Josh Klane; Isaac Leonard; Brandon Matis; Mitchell McCarthy; Drew Otterlei; Grayson Pangburn; Ben Pavelka; Quinn Snider; Jordan Taylor; Tyler Thomegreene; Bryan Vohnoutka; Inactive: Brendan McCann, Alan Scarth"
168,2019,13,Montreal Royal,"André Arsenault; Philippe Bisson; Quentin Bonnaud; Stève Bonneau**; Mathieu Bosser; Estéban Ceballos; Nabil Chaouch; Simon Charette; Laurent Faye; Vincent Gamache; Miguel Goderre; Kevin Groulx; Vincent Lemieux; Basile Limoges; Gabriel Monfette; Sacha Poitte- Sokolsky ; Kevin Quinlan; Quentin Roger; Jacob Saunders; Christophe Tremblay Joncas; Inactive: Malik Auger-Semmar, Jakob Brissette"
169,2019,13,New York Empire,"Albert Alarcon; Matthew Auletta**; Jeffrey Babbitt; Ryan Brown; Mike Drost; Ryan Drost; Sam Feder; Harper Garvey; Ryan Holmes; Alexander Isik**; Benjamin Jagt; Benjamin Katz; Beau Kittredge; Conor Kline; Matthew LeMar; Grant Lindsley; Matthew Stevens; Noriaki To; Jack Williams; Tristan Yarter; Inactive: Marques Brownlee, Jibran Mieser"
170,2019,13,Ottawa Outlaws,Alec Arsenault; Geoff Bevan; Nick Boucher**; Kyle Cantal; David Colic; Greg Ellis; Colin Froats; Jon Hallett; Jeremy Hill**; Erik Hunter; Karl Loiseau; Paul Mensah; Matt O'Brien; Adam O'Donnell; Andrew Ouchterlony**; Erich Phang-Lyn; Paul Renaud; Bryce Ring; Carson Turner; Ryan Wallace 
171,2019,13,Philadelphia Phoenix,"Shashank Alladi; Mike Arcata; Connor Boyle; Michael Campanella; Dustin Damiano; Brice Dunn; Evan Karson; Austin Lillis; Colin Masino; Allan Michel; Greg Mohler; Sean Mott; Eric Nardelli; Paul Owens; Brandon Pastor; James Pollard; Zac Sands; Marc Sands; Dylan Smith; Ryan Weaver; Inactive: Himalaya Mehta, Ethan Fortin, Nick Patel"
172,2019,13,Pittsburgh Thunderbirds,Dylan Best; Adam Burgess; Eike Cramer; Thomas Edmonds; Mark Fedorenko; Kenny Furdella; Nicholas Gigliotti; Chris Graber; Jack Hefferon; Jon Mast; Pat McMullen; Steve Mogielski; Anson Reppermund; Max Sheppard**; Alex Thomas; Jasper Tom; Jimmy Towle; Sam VanDusen**; David Vatz; Owen Watt; Inactive: Tyler DeGirolamo
173,2019,13,Raleigh Flyers,Kiron Allen; Chuck Cantone; Kamron Daftari; Jacob Fairfax; Henry Fisher; Josh Hartzog; Allan Laviolette; Bobby Ley; Tim McAllister; Andrew McKelvey; Terrence Mitchell; Charlie Muniz ; Jeff Nordgren; Jakeem Polk; Connor Russell ; Grayson Sanner; Noah Saul; Vikram Sethuraman; Ross Ward; Sol Yanuck; Inactive: David Richardson
174,2019,13,San Diego Growlers,"Jesse Cohen**; Sam Fontaine; Wesley Groth; Aidan Hall; Sean Ham; Jonathan Helton; Maxwell Hume; Ryan Lacy; Bryce Lozinski; Steven Milardovich; Tim Okita; Marcel Osborne; Trevor Purdy; Scott Radlauer; Kyle Rubin; Ryo Senda; Mark Slader; Michael Tran; Will Turner; Bailey Wu; Inactive: Travis Dunn, Dom Leggio"
175,2019,13,Seattle Cascades,"Cameron Baker; Jay Boychuk; Jack Brown; Mark Burton; Dennis Casio; Will Coffin**; Sam Cook**; Alex Duffel; Manny Eckert; Khalif El-Salaam; Wally Kasprzycki**; Tom Lassetter; Nick Mahan; Marc Munoz; June Rapisura; Henry Schneider; Ryan Segal**; Kodi Smart; Keegan Taggart; Shane Worthington; Inactive: Zach Sabin, Brad Houser"
176,2019,13,Tampa Bay Cannons,"Craig Anderson; Andre Borderlon; Adam Carr; Ryan Chard; Jacob Clary; James Franklin; Kellen Gray; Ryan Hiser; John Holk; Anish Indhupuru; Jack Kern; Austin Koffarnus; Billy O'Bryan; Bobby Patterson**; Tanner Repasky; Andrew Roney; Bradley Seuntjens**; Dustin Travaglini; Adam Vinson; Hayden Wachob; Inactive: Jacob Lane, Nathan Vickroy"
177,2019,13,Toronto Rush,"Andrew Carroll; Kieran Charnock; Luc Comire; Cameron Harris; Nathan Hirst; Jason Huynh; Kevin Jay; Dan Lafrance; Jason Lam; Wilkie Lewis; Iain Mackenzie; Isaiah Masek-Kelly; Jerry Meron; Akifumi Muraoka; Jeremy Norden; Remi Ojo; Geoff Powell; Ben Pries; Phil Turner; Adrian Yearwood; Inactive: Jacky Hau, Thomson McKnight"
178,2019,14,Atlanta Hustle,Zach Avello; Sun Choi; Jason Crowe; Karl Ekwurtzel; Brett Hulsmeyer; Elijah Jaime; Matthew Knowles; Will Lindquist; Mac McClellan; Taylor Minch; Christian Olsen; Jacques Perivier; Player Pierce; Matt Smith; Trenton Spinks; Austin Taylor; Alex Trautman; Josh Turner; Kelvin Williams; Joel Wooten; Inactive: Paul Lally
179,2019,14,Chicago Wildfire,"Von Alanguilan; Ross Barker; Brad Bolliger; Michael Egan; Tim Fergus; Charlie Furse; Tommy Gallagher; Nate Goff; Pawel Janas; Jesse Johnson; Joey Kennedy; Karl Kingma; David Meinecke; Danny Miller; Michael Pardo; Jack Shanahan; Drew Swanson; Jimmy Sykora; Jason Vallee; Seth Weaver; Inactive: Matt Rehder, Jeff Weis"
180,2019,14,Dallas Roughnecks,"Abe Coffin; Dan Emmons; Jay Froude; Henry Furuta; Gabe Hernandez; Dillon Larberg; Chris Larberg; Ben Lewis; Brandon Malecek; Kai Marshall; Kaplan Maurer; Wesley Miaw; Griffin Miller; Connor Olson; Jake Reinhardt; Kevin Richardson; Zach Riggins; Ben Rogers; Dalton Smith; Connor Ughetta; Inactive: Joel Clutton, Carson Wilder, Thomas Slack"
181,2019,14,DC Breeze,"Jarrod Banks; Quinn Bergeron; David Bloodgood; Matt Cullom; Kristopher Harrison; Kenta Kawaguchi; Jeremy Knopf; Alex Liu; Peter Mancini; Xavier Maxstadt; Matthew McDonnell; Ray Mendoza; AJ Merriman; Matt Neeley; Jacques Nissen; Leo Pierson; Nathan Prior; David Shields; Kevin Versteeg; Dane Warner; Inactive: Garrett Braun, Max Cassell,, Cody Johnston Jeff Wodatch"
182,2019,14,Detroit Mechanix,"Kevin Anthony; Chris Auman; Jimmy BakerJr; Josh Beaulieu; Tristan Bowerman; Ben Cheer; Kevin Coulter; Joe Cubitt; Mitch DeNooyer; Ed Fox; Jon Gibson; David Innis; Austin Johnson; Jordan Kinde; Jonathan Lee; Kevin Nicholl; Neil Proefrock; Austin Riegel; Andrew Sjogren; Daniel Viggiani; Inactive: Mark Whitton, Alex Bertoia"
183,2019,14,Indianapolis AlleyCats,Cameron Brock; Peter Carleton; Travis Carpenter; Kyle Cox; Sam Ellison; Jacob Fella; Rick Gross; Alex Henderson; Conner Henderson; David Hortemiller; Nick Hutton; Levi Jacobs; Spencer Loscar; Brett Matzuka; Keegan North; Keenan Plew; Colin Ringwood; Donovan Triplett; Aaron Weaver; Zach Zebarth; Inactive:John Jones
184,2019,14,Los Angeles Aviators,Timmy Beatty; Calvin Brown; Xavier Charles; Kyle Conniff; Alex Drum; Joc Jimenez; Michael Kiyoi; KJ Koo; Ian Ladner; Danny Landesman; Eric Lissner; Wayne Lu; Sean MCDougall; Nate Ransom; Garrett Santi; Jeff Silverman; Mitchell Steiner; Zachary Theodore; Matt Theologidy; Aaron Weaver; Inactive: Tyler Bacon
185,2019,14,Madison Radicals,Tom Annen; Kevin Brown; Colin Camp; Thomas Coolidge; Kyle Dreger; Avery Johnson; Sterling Knoche; Victor Luo; Chase Marty; Jeff Maskalunas; Andrew Meshnick; Seth Meyer; Ben Nelson; Rami Paust; Kevin Pettit-Scantling; Ted Schewe; Pat Shriwise; Kyle Weigand; Chris Wilen; Joshua Wilson; Inactive: Nate Bosscher
186,2019,14,Minnesota Wind Chill,"Cameron Burden; Dylan DeClerck; Thomas Echols; Jesse Greenberg; Tate Halberg; Scott Hearne; Kristian Johnson; Michael Jordan; James Kittlesen; Josh Klane; Mathew Ladyman; Isaac Leonard; Brandon Matis; Mitchell McCarthy; Drew Otterlei; Grayson Pangburn; Ben Pavelka; Alan Scarth; Tyler Thomegreene; Bryan Vohnoutka; Inactive: Jordan Taylor, Brendan McCann"
187,2019,14,Montreal Royal,André Arsenault; Philippe Bisson; Quentin Bonnaud; Stève Bonneau; Mathieu Bosser; Estéban Ceballos; Nabil Chaouch; Simon Charette; Laurent Faye; Vincent Gamache; Miguel Goderre; Kevin Groulx; Vincent Lemieux; Basile Limoges; Gabriel Monfette; Sacha Poitte-Sokolsky; Kevin Quinlan; Quentin Roger; Jacob Saunders; Christophe TremblayJoncas; Inactive: Malik Auger-Semmar
188,2019,14,New York Empire,"Albert Alarcon; Josue Alorro; Matthew Auletta; Mike Drost; Sam Feder; Harper Garvey; Zach Grappone; Ryan Holmes; Alexander Isik; Benjamin Katz; Conor Kline; Elliot Lee; Matthew LeMar; Grant Lindsley; Joseph Ouellette; Ryan Saffa; TJ Stanton; Matthew Stevens; Noriaki To; Jack Williams; Inactive: Beau Kittredge, Ben Jagt, Jeff Babbitt"
189,2019,14,Ottawa Outlaws,"Alec Arsenault; Geoff Bevan; Nick Boucher; Kyle Cantal; David Colic; Greg Ellis; Jon Hallett; Erik Hunter; Jeff Lindquist; Karl Loiseau; Chad McCausland; Paul Mensah; Jonah Munoz; Matt O'Brien; Adam O'Donnell; Bryce Ring; Shintaro Tsukamoto; Carson Turner; Simon Walker; Ryan Wallace; Inactive: Paul Renaud, Jeremy Hill"
190,2019,14,Philadelphia Phoenix,Shashank Alladi; Mike Arcata; Matthew Ballman; Peter Burt; Michael Campanella; Dustin Damiano; Ethan Fortin; Francisco Gomez; Austin Lillis; Greg Martin; Colin Masino; Himalaya Mehta; Allan Michel; Sean Mott; Paul Owens; Nick Patel; Zac Sands; Marc Sands; Billy Sickles; Ryan Weaver; Inactive: Eric Nardelli
191,2019,14,Pittsburgh Thunderbirds,Dylan Best; Adam Burgess; Eike Cramer; Thomas Edmonds; Jesse Evans; Mark Fedorenko; Kenny Furdella; Ryan Hoffman; Jon Mast; Pat McMullen; Dayne Meyer; Steve Mogielski; Anson Reppermund; Max Sheppard; Alex Thomas; Jasper Tom; Jimmy Towle; Sam VanDusen; David Vatz; Owen Watt; Inactive: Chris Graber
192,2019,14,Raleigh Flyers,"Kiron Allen; Chuck Cantone; Joey Cretella; Jacob Fairfax; Mischa Freystaetter; Josh Hartzog; JD Hastings; Allan Laviolette; Bobby Ley; Tim McAllister; Andrew McKelvey; Terrence Mitchell; Jacob Mouw; Jeff Nordgren; Mike Pannone; David Richardson; Connor Russell; Noah Saul; Shane Sisco; Ross Ward; Inactive: Henry Fisher, Charlie Muniz, Eric Taylor"
193,2019,14,San Diego Growlers,"Travis Dunn; Sam Fontaine; Wesley Groth; Aidan Hall; Sean Ham; Jonathan Helton; Maxwell Hume; Eric Hytonen; Bryce Lozinski; Steven Milardovich; Tim Okita; Marcel Osborne; Scott Radlauer; Dave Ritchie; Kyle Rubin; Ryo Senda; Reggie Sung; Michael Tran; Will Turner; Bailey Wu; Inactive: Nate Bridges, Dom Leggio"
194,2019,14,San Jose Spiders,"Mike Becich; Jacob Bruner; Steven Chang; Matt Crawford; Antoine Davis; Ethan Falat; Brandon Fein; Keenan Laurence; Ben Levinsky; Alexander Morris; Justin Norden; Zach Ormsby; Alex Pien; Cyrus Ready; Marcelo Sanchez; Gabe Taylor; Skylor Taylor; Munis Thahir; Kevin Tien; Glenn Wysen; Inactive: Jackson Stearns, Lior Givol"
195,2019,14,Seattle Cascades,"Jay Boychuk; Jack Brown; Mark Burton; Dennis Casio; Zhi Chen; Will Coffin; Alex Duffel; Khalif El-Salaam; Peter Geertz-Larson; Brad Houser; Wally Kasprzycki; Thomas Lassetter; Nick Mahan; Charlie Mercer; Marc Munoz; June Rapisura; Ryan Segal; Kodi Smart; Keegan Taggart; Shane Worthington; Inactive: Jesse Bolton, Zach Sabin"
196,2019,14,Toronto Rush,"Andrew Carroll; Cameron Harris; Jacky Hau; Nathan Hirst; Jason Huynh; Kevin Jay; Bryan Kuo; Jason Lam; Wilkie Lewis; Iain Mackenzie; Mike Mackenzie; Isaiah Masek-Kelly; Thomson McKnight; Jerry Meron; Akifumi Muraoka; Geoff Powell; Ben Pries; Phil Turner; Adrian Yearwood; Bryan Yue; Inactive: Remi Ojo, Bretton Tan"
197,2019,15,Chicago Wildfire,"Zubair Abdulla; Ross Barker; Brad Bolliger; Jeremy Burril; Tim Fergus; Charlie Furse; Tommy Gallagher; Kurt Gibson; Pawel Janas; Jesse Johnson; Joey Kennedy; David Meinecke; Danny Miller; Alex Rummelhart; Jack Shanahan; Drew Swanson; Jimmy Sykora; Cal Tornabene; Seth Weaver; Nick Zeman; Inactive:Matt Rehder, Jeff Weis, Michael Pardo"
198,2019,15,Detroit Mechanix,"Kevin Anthony; Chris Auman; Josh Beaulieu; Tristan Bowerman; Ben Cheer; Joe Cubitt; Mitch DeNooyer; Karl Fauerbach; Ed Fox; Jon Gibson; Tyler Hebert; Austin Johnson; Jordan Kinde; Jonathan Lee; Kevin Nicholl; Neil Proefrock; Austin Riegel; Daniel Viggiani; Inactive: David Innis, Kevin Coulter, Andrew Sjogren"
199,2019,15,Indianapolis AlleyCats,"Cameron Brock; Nathan Bussberg; Peter Carleton; Travis Carpenter; Kyle Cox; Sam Ellison; Conner Henderson; David Hortemiller; Dusty Hughes; AJ Humbert; Levi Jacobs; Jesse Jenkins; John Jones; Heath Kalaba; Jeremy Keusch; Spencer Loscar; Chris Miller; Keenan Plew; Colton Steiner; Zach Zebarth; Inactive: Nick Hutton, Brett Matzuka, "
200,2019,15,Madison Radicals,Nate Bosscher; Colin Camp; Grandon Colin; Thomas Coolidge; Nester David; Power Dylan; Avery Johnson; Jack Kelly; Sterling Knoche; Victor Luo; Chase Marty; Andrew Meshnick; Seth Meyer; Kevin Pettit-Scantling; Brett Robinson; Ted Schewe; Pat Shriwise; Sean Treacy; Daniel Vockeroth ; Joshua Wilson; Inactive: Kevin Brown
201,2019,15,Montreal Royal,"André Arsenault; Quentin Bonnaud; Stève Bonneau; Mathieu Bosser; Estéban Ceballos; Nabil Chaouch; Simon Charette; Jordan Faries; Laurent Faye; Vincent Gamache; Miguel Goderre; Brian Howard; Zakarie Massi; Gabriel Monfette; Sacha Poitte- Sokolsky ; Kevin Quinlan; Henri Rodriguez; Quentin Roger; Jacob Saunders; Christophe Tremblay Joncas; Inactive:Philippe Bisson, Basile Limoges, Kevin Groulx"
202,2019,15,Ottawa Outlaws,"Alec Arsenault; Geoff Bevan; Nick Boucher**; Kyle Cantal; Greg Ellis; Colin Froats; Jon Hallett; Jeremy Hill**; Jeff Lindquist; Karl Loiseau; Chad McCausland; Matt O'Brien; Adam O'Donnell; Andrew Ouchterlony; Erich Phang-Lyn; Paul Renaud; Bryce Ring; Shintaro Tsukamoto; Simon Walker; Ryan Wallace; Inactive: David Colic, Cason Turner, Paul Mensah"
203,2019,15,Philadelphia Phoenix,"Mike Arcata; Connor Boyle; Mike Campanella; Jordan Ciccarone; Jimmy Clarke; Dustin Damiano; Will Helenski; Austin Lillis; Greg Martin; Himalaya Mehta; Allan Michel; Greg Mohler; Sean Mott; Eric Nardelli; Paul Owens; Brandon Pastor; James Pollard; Joel Prushan; Dylan Smith; Eric Witmer; Inactive: Ethan Fortin, Ryan Weaver"
204,2019,15,Pittsburgh Thunderbirds,"Dylan Best; Adam Burgess; Eike Cramer; Thomas Edmonds; Mark Fedorenko; Kenny Furdella; Nick Gigliotti; Chris Graber; Jack Hefferon; Ryan Hoffman; Jon Mast; Pat McMullen; Dayne Meyer; Steve Mogielski; Anson Reppermund; Max Sheppard; Alex Thomas; Jimmy Towle; Sam VanDusen; Owen Watt; Inactive: Jesse Evans, David Vatz"
205,2019,15,Raleigh Flyers,"Kiron Allen; Chuck Cantone; Andrew Cohen; Kamron Daftari; Jacob Fairfax; Tristan Green; Josh Hartzog; JD Hastings; Allan Laviolette; Bobby Ley; Terrence Mitchell; Charlie Muniz; Jeff Nordgren; Jordan Perry; Connor Russell ; Grayson Sanner; Noah Saul; Vikram Sethuraman; Shane Sisco; Ross Ward; Inactive: David Richardson, Mischa Freystaetter, Tim McAllister"
206,2019,15,Tampa Bay Cannons,Craig Anderson; Andre Borderlon; Adam Carr; Ryan Chard; Jacob Clary; James Franklin; Kellen Gray; Ryan Hiser; Jack Kern; Austin Koffarnus; Jacob Lane; Tim Lootens; Billy O'Bryan; Unmil Patel; Bobby Patterson; Tanner Repasky; Andrew Roney; Bradley Seuntjens; Dustin Travaglini; Adam Vinson; Inactive: Nathan Vickroy
